,question,answer
0,What is cybersecurity's primary purpose?,"Cybersecurity's primary purpose is to protect confidential data against cyberattacks such as accessing, changing, or destroying sensitive information."
1,Define cybersecurity,"The term ""cybersecurity"" refers to the collection of protection of physical and digital systems, software, and data from attackers."
2,List the basic elements of cybersecurity.,"Here are the basic elements of cybersecurity: application security, business continuity planning, end-user education, information security, network security, operational security"
3,What is cryptography?,"Cryptography is the cybersecurity domain that safeguards information from adversaries, thus ensuring that authorized users and recipients exclusively access the data."
4,Explain the difference between an IDS and an IPS.,"IDS stands for Intrusion Detection System and only detects intrusions; the administrator is responsible for preventing intrusions. An IPS, on the other hand, stands for Intrusion Prevention System. The IPS detects the intrusions and takes action to prevent intrusions."
5,"What is the CIA triad? Does it have anything to do with the spy organization, or what?","CIA, in this case, stands for Confidentiality, Integrity, and Availability. It's used as a model designed to guide information security policies."
6,Explain the three-way handshake.,The three-way handshake is a TCP/IP network method to connect the host with a client. It's called a three-way handshake because it uses a three-step method for packet exchange between the client and the server. The three steps are: The client sends a SYN(Synchronize) packet to the server to see if the server is up and has open ports. Hackers use port scanning to find information. The server sends the SYN-ACK packet to the client if it has available open ports. The client acknowledges the transmission and sends an ACK(Acknowledgment) packet back to the server.
7,"What's the difference between a risk, a threat, and a vulnerability?","The differences are: Risk. Risk is the likelihood a threat agent can successfully exploit a vulnerability. Threat. Threats are any hazard that can potentially steal or destroy data, disrupt operations, or cause general harm. Threat examples include malware, data breaches, phishing, or even unethical employees. Vulnerability. Vulnerabilities are flaws in hardware, software, staff, or procedures that threat actors may use to conduct their illegal activities."
8,Explain the difference between vulnerability assessment and penetration testing.,"The differences are: Vulnerability Assessment defines, detects, and prioritizes vulnerabilities in network infrastructures, applications, computer systems, or other systems and provides the information needed to correct the flaws. Penetration Testing, also called ethical hacking or pen-testing. It identifies vulnerabilities in applications, networks, systems, or other systems to prevent attackers from exploiting them."
9,List the most common kinds of cybersecurity attacks.,"The most common cybersecurity attacks include: Brute Force, Cross-Site Scripting (XSS), Denial-of-Service (DoS), Domain Name System Attack, Man-in-the-Middle Attacks, Malware, SQL Injection Attack, Phishing, Session Hijacking"
10,What is a Null session?,Null sessions occur when a user isn't authorized to use a username or a password. Null sessions provide security concerns for apps because they imply the person making the request is unknown.
11,What's phishing?,"Phishing involves a cybercriminal posing as a legitimate entity such as your cable company, eBay, PayPal, financial institutions, etc. The scammer sends an email, phone call, or text message to a target to convince them to click on a link, which, unbeknownst to the victim, takes them to a fake website where they're prompted to enter sensitive information like personal data, banking and credit card information, social security numbers, usernames, and passwords. Also, by clicking the link, malware sometimes gets installed on the target machines so hackers can remotely control them."
12,List and explain the different types of cybersecurity.,"Network security. This security type protects a computer network against intruders, unauthorized access, disruption, attacks, and misuse of hardware and software. Network security helps protect the organization's assets from external and internal threats like. Example: firewalls.Application security. Application security involves safeguarding devices and software against malicious attacks. This is accomplished by regularly updating the apps to ensure they are secure and safe against threats.Data security. It entails establishing a solid data storage system that delivers data integrity and privacy when the data is in storage or in transit. Identity management. Identity management involves identifying each individual's level of access within the organization. For example, restricting data access to data as dictated by the individual's job role. Operational security. It entails analyzing and deciding how to handle and secure data assets. For example, storing data in an encrypted form within the database.Mobile security. It protects organizational and personal data stored on mobile devices like cell phones, PCs, tablets, and similar devices against hostile attacks. These dangers include unauthorized access, device loss or theft, malware, and other threats.Cloud security. It refers to safeguarding data stored in a digital environment or cloud infrastructures. Cloud security employs a variety of cloud service platforms, such as AWS, Azure, Google, and others, to assure protection against various threats."
13,What's a firewall?,"A firewall refers to a network security system that blocks malicious traffic from hackers, protecting data privacy. Firewalls defend against bots, malware, phishing links, worm viruses, trojan viruses, and more. Additionally, firewalls monitor inbound and outbound network traffic, allowing only data packets that conform to the security guidelines established by the server owner."
14,Explain data leakage.,"Data leakage describes the unauthorized data release from an organization to an unauthorized third party. These data transmissions can be conducted via the Internet, email, mobile data, or involving storage devices like laptops, USB keys, and optical discs. The types of data leakage: Accidental leakage. The authorized party sends data to an unauthorized party accidentally. Malicious insiders. The authorized in-house entity deliberately sends data to an unauthorized entity. Electronic communication. Hackers use hacking tools to enter the system."
15,Explain the difference between encryption and hashing.,"Although both encryption and hashing readable data into an unreadable format, encryption lets the encrypted data be converted back to original data. In contrast, hashed data can't be converted back to original data."
16,What's the difference between penetration testing and vulnerability assessment?,"Vulnerability assessment defines, detects, and prioritizes vulnerabilities in computer systems, applications, network infrastructures, and other systems and provides the organization with the necessary information to correct the flaws. Penetration testing identifies network, application, or other systems vulnerabilities to prevent attackers from exploiting them."
17,What's SSL encryption?,"The Secure Socket Layer (or SSL) is a security protocol for encryption, data integrity, enabling network privacy, and authentication, especially in instances like online transactions."
18,"What's a brute force attack, and how do you defend against it?","Brute force attacks are attempts to gain unauthorized access to a system network by systematically trying all possible password or encryption key combinations. Enforcing strong password policies, using multi-factor authentication, and implementing account lockout mechanisms are the best ways to protect against brute force attacks."
19,What's a VPN?,"VPN is an acronym that means Virtual Private Network and is an encrypted link between a network and a device through the Internet. This encrypted connection helps secure the transmission of sensitive data and protects against illegal eavesdropping on traffic, making remote access and work a safer option."
20,"Explain the difference between white, black, and grey hat hackers.","These hackers are: Black hat hackers. Black hat hackers try to break into systems and networks to cause harm or steal data. White hat hackers. White hat hackers are hired professionals who conduct penetration testing and vulnerability assessments. They are paid to try and break through an organization's cybersecurity defenses and determine their effectiveness. They are also called ethical hackers. Grey hat hackers. Grey hat hackers are a little of both. They break into networks for fun, exploiting flaws in the network's defenses. Typically, grey hat hackers report their findings to the organization for a small reward or recognition."
21,Discuss port scanning.,"Port scans help determine which ports are open, listening, or closed on a network. You use port scanning to test network security and the system's firewall strength. Here are the most common forms of port scanning: Ping scan Stealth scanning TCP connect TCP half-open UDP"
22,What's the difference between asymmetric and symmetric encryption?,"Symmetric encryption utilizes the same key for the encryption and decryption processes, while asymmetric encryption uses different keys, specifically a public key for encryption and a private key for decryption. Asymmetric encryption offers higher security because it enables secure communication without exchanging secret keys."
23,What's network sniffing?,Network sniffing is a collection of specialized software programs or hardware equipment hackers use to analyze data packets sent across a network. Sniffing can be used to: Capture sensitive data like passwords Eavesdropping on chat messages Monitor data packages over a network
24,Why is DNS monitoring important?,Domains are easily infected with malicious software; DNS monitoring tools can identify malware.
25,What's exfiltration?,"Data exfiltration is the unauthorized transfer of data from a computer system, including manual transmissions performed by anyone with access to the computer."
26,Is it possible to reset a password-protected BIOS configuration?,"Yes. You can: Unplug your PC, remove the CMOS battery for 15-30 minutes, and replace it Use third-party software like CmosPwd and Kiosk You can run commands from the MS-DOS prompt using the debug tool. You will need access to the installed OS."
27,What's forward secrecy?,"Forward secrecy is a key agreement protocol feature that generates a unique session key for each transaction. This feature prevents an intruder from accessing data from multiple communications between a server and a client, even if one communication is compromised."
28,What's the difference between a virus and a worm?,"Viruses are harmful executable code attached to another executable file and used to modify or erase data. Viruses can't be managed remotely. Like viruses, worms don't alter the program. However, worms continue multiplying themselves, causing the computer system to slow down since its primary goal is to consume system resources. Worms can be controlled remotely."
29,What's an SQL injection?,"A SQL injection is a cyberattack that inserts malicious SQL code through input data to manipulate databases. If properly executed, an SQL injection can read sensitive data stored in the database, alter that data, execute administration operations, or potentially send out operating system commands."
30,"What's a traceroute, and why is it used?",Traceroutes are tools that show packet paths. The tool lists all the points (chiefly routers) the packet passes through and is typically used when it isn't reaching its destination. Traceroute identifies the point of failure by checking where the connection stops or breaks.
31,"What's an MITM attack, and how do you defend against it?","MITM stands for Man-in-the-Middle attack, where the hacker eavesdrops on communication between two parties. The intruder then impersonates another individual and makes the data transmission appear normal to the other parties. If cybercriminals succeed, they can alter data, steal personal information, or obtain login credentials to wreck communication. Here are a few ways to prevent an MITM attack: Use public key pair-based authentication Use a VPN Maintain strong router login credentials Implement robust Intrusion Detection Systems (IDS), such as a firewall Maintain strong WEP/WPA encryption in access points"
32,Does a cybersecurity career pay well?,"According to Glassdoor.com, a cybersecurity professional in the United States earns an annual average of $102,062."
33,Are cybersecurity jobs in demand today?,"Yes. Not only is cybersecurity a significant concern in today's IT world, but a study conducted by the cybersecurity professional organization ISC2 shows there are at least 3.4 million unfilled positions worldwide."
34,What training or background do you need to become a cybersecurity professional?,"Although the requirements may vary, it's typically accepted that cybersecurity professionals should have a bachelor's degree in a relevant field (cybersecurity, computer programming, computer engineering) and at least three years of appropriate experience."
35,How long does it take to become a cybersecurity professional?,"You can get an entry-level position in at least two to four years if you have hands-on experience and formal training, such as an associate degree and/or cybersecurity certification courses."
36,"What is the information leak, and what causes it?","Unapproved transmission of data to an independent event or destination from within an organization is known as information leaks. The many contributing factors to the data leakage are: Failing passwords, Robbing corporate assets, Hackers' exploitation of vulnerabilities, Ransomware emails, Brutal attacks, Loss of red tape, Phishing, System faults or configuration errors, Lack of safety features for shared drives and documents, Unreliable backup"
37,What distinguishes between IDS and IPS?,"IDS is an interference exposure system that detects encroachments only and the administrator must be careful to prevent intrusion. Whereas the system detects the intrusion in IPS, i.e., Intrusion Prevention System, and also needs to take precautions to avoid the encroachment."
38,"What is Cross-Site Scripting, and how to avoid it?","Cross-Site Scripting is also recognized as a client-side code injection, which aims to execute malicious scripts through malicious software infusion on a victim's web browser. Following practices may stop Cross-Site Scripting: Special character encoding, Using HTML , Filter XSS, Validating user feedback, Using the services/tools Anti-XSS"
39,What are the Cybersecurity approach benefits?,"Having a robust cybersecurity approach will help enterprises to: It defends the company from malware, hacking, social engineering, and phishing attacks It safeguards end consumers with data protection It offers adequate security both for data and for networks Recovery time increases following a security breach Provides access to only genuine users"
40,What is a three-way handshake?,"A three-way handshake is a tool used to establish a connection between a host and a client within a TCP / IP network. It is called a three-way handshake since it is a three-step process in which messages are shared between client and server. The next three steps are: The client sends SYN (Synchronize) data to the destination to verify if the server is up or has ports available If the server has open ports, it sends the SYN-ACK packet to the device The recipient knows this and sends a box of ACK(Acknowledgment) back to the server"
41,What is SSL? Is it complete when it comes to encryption?,"SSL is not for encryption of problematic files. It is a technique of identity checking to recognize that the person you are referring to really is who they think they are. SSL and TLS are used nearly everywhere and by everyone, and due to this prevalence, it runs the risk of being targeted by its deployment and its well-known technique (e.g., The Heartbleed bug). For information-in-transit and data-at-rest, additional protection is necessary, as SSL can be quickly stripped in some circumstances."
42,Explain the Traceroute,"It is a device that displays the direction of the packet. It lists all of the points that move through the packet. Traceroute is often used when the packet isn't touching the destination. Traceroute is used to verify whether the connection fails or ends, or the fault is detected."
43,What are the steps to building a firewall?,"The steps to configure a firewall follow: Username/password: Update a firewall device's default credentials Desktop administration: Deactivate the remote control function Port forwarding: Enable sufficient port forwarding to function correctly for some programs, such as a user's computer or FTP server DHCP server: Adding a firewall with an existing DHCP server on a network would create a conflict unless the DHCP firewall is removed Logging: Ensure logging is allowed and understands how to display logs to troubleshoot firewall problems or possible attacks Protocols: You should have sound security policies in place and customize the firewall to implement those policies."
44,What are the methods used to avoid a password attack by brute force?,"There are three methods for stopping an attack by Brute force login: Account Locking Policy: The account is shut out before the administrator unlocks the password after a set number of unsuccessful tries. Progressive delays: The account is disabled for a given time frame after three unsuccessful authentication attempts. The lock-out time will continue to rise with any failed login session after this, thus making it impossible for the tools to try forced login. Challenge-response test: This is mainly to stop automated login submissions. Resources such as free reCaptcha can be used to ask the user to enter a text manually, or to solve a fundamental problem to make sure a user is a real human."
45,"What is security with two variables, and how will it be applied for public websites?","wo-factor verification is also referred to as double-factor authentication, or two-step validation, in which the device requires two multi-factor authentications to encrypt user accounts and services while communicating. Two considerations can be added to encourage more activism on your current account using a password on public websites like Twitter, Microsoft, LinkedIn, and more! To allow this double factor authentication, you can easily go to settings, and then manage security settings."
46,Explain data leakage,"Data Leakage is the deliberate or accidental transfer of data from inside the enterprise to an unintended external destination. It is the disclosing to an unauthorized individual of classified knowledge. Data leakage can be broken down into three groups, depending on how it happens: Accidental breach: An individual accidentally transfers data to an unknown party because of an error or an accident Intentional Breach: The designated entity may submit data on intent to an unauthorized entity Device Hack: Using hacking methods to cause data leakage The use of the methods, applications, and techniques known as DLP(Data Leakage Prevention) methods will prevent data leakage."
47,"What is Phishing, and how to bypass it?","This is one of the frequently asked cyber security interview questions. Phishing is a social engineering assault designed to deprive users of info. Typically the data targeted are login passwords, credit card details, and bank account information designed to confuse or cheat people. The social engineer embodies legitimate web pages and demands usernames and other information. Four ways to stop Phishing are: Two-factor authentication includes two methods for confirming the identity E-mails flagging high-risk Increased password logins with identity references Train your staff to guard against individual tell-tail e-mails and techniques for exchanging information Have a watch against Spam"
48,What is Port Scanning?,"Port Scanning is the method used to classify the available open ports and facilities on a network. Hackers use port testing to hack bugs and find details that can be useful. Using Port Scanning, administrators review network security policies. Some of the strategies popular for port scanning are: Check Ping Half-open TCP TCP Log in UDP Fix Stealth check"
49,What is the CIA?,"Confidentiality, Integrity, and Availability (CIA) is a standard model for designing a security strategy. The CIA model is composed of three concepts: Confidentiality: Ensure that an authorized person accesses the confidential data. Integrity: Integrity ensures the data is in the proper format. Availability: Maintain the appropriate data and services for those who use them."
50,How to avoid identity theft?,"Here's what to do to stop identity theft: Make sure the password is consequential and special Don't exchange sensitive information online, especially on social media Buy from reliable and established websites Using the new Web Update Download sophisticated malware and spyware software Using advanced protections against financial data Update your device and apps forever Secure your Social Security Number (SSN)"
51,"What is cybersecurity, and why is it important?","Cybersecurity protects computer systems, networks, and data from theft, damage, or unauthorized access. It's important to safeguard sensitive information, maintain privacy, prevent financial losses, and protect critical infrastructure from cyber threats."
52,"Define the terms Virus, Malware, and Ransomware","-Virus: A program that replicates itself and spreads to other files or systems, often causing harm. -Malware: A broader term encompassing any malicious software that disrupts or gains unauthorized access to computer systems. -Ransomware: A malicious software encrypting files or computer systems and requesting a ransom for their decryption."
53,"Explain the difference between a Threat, Vulnerability, and Risk in cybersecurity",-Threat: Any potential danger or harmful event that can exploit vulnerabilities and negatively impact security. -Vulnerability: Weaknesses or gaps in security measures that threats can exploit. -Risk: The probability of a threat capitalizing on a vulnerability and the potential consequences or damage it may inflict.
54,What is Phishing? Provide an example,"-Phishing: A cyberattack in which malicious actors employ deceptive emails or messages to deceive individuals into disclosing sensitive information. -Example: An email claiming to be from a bank, requesting the recipient to provide their login credentials by clicking a link that leads to a fake website."
55,How do firewalls protect network security?,"-Firewalls serve as protective barriers, overseeing and screening both inbound and outbound network traffic in accordance with established security regulations. -They block unauthorized access and help prevent malicious data from entering or leaving a network."
56,What is a VPN and why is it used?,"-A Virtual Private Network encrypts and secures internet connections, ensuring privacy and anonymity. -It protects data from eavesdropping, accesses restricted content, and enhances public Wi-Fi security."
57,Explain the concept of a secure Password,"-A secure password is complex, lengthy, and difficult to guess. -It comprises a combination of uppercase and lowercase letters, numbers, and special characters, with the requirement that this combination should be distinct for every individual account."
58,What are the common techniques for securing a computer network?,"Techniques include using strong passwords, regular updates and patch management, implementing firewalls, using intrusion detection systems, and conducting security audits."
59,"What is two-factor authentication, and why is it important?","-Two-factor authentication enhances security by necessitating users to furnish two distinct forms of verification, typically a password and a temporary code, thereby bolstering protection. -It's important because even if a password is compromised, unauthorized access is prevented without the second factor."
60,Define the terms Encryption and Decryption,"-Encryption: Converting plaintext data into a coded format to protect it from unauthorized access. -Decryption: Converting encrypted data back into its original, readable form."
61,What is SSL encryption?,"SSL(Secure Sockets Layer) encryption is a protocol that ensures secure data transmission between a user's web browser and a website server, protecting data during transit."
62,What is the difference between IDS and IPS?,-IDS (Intrusion Detection System): Monitors network traffic and generates alerts when suspicious activity is detected. -IPS (Intrusion Prevention System): Not only detects but also actively blocks or prevents suspicious network activity.
63,Explain what a security audit Is,"A security audit systematically evaluates an organization's information systems and security policies to assess their effectiveness, identify vulnerabilities, and recommend improvements."
64,What steps would you take if you discovered a security breach?,"Isolate affected systems, contain the breach, notify relevant parties, investigate the incident, remediate vulnerabilities, and implement measures to prevent future breaches."
65,What is social engineering? Give an example,-Social engineering manipulates individuals to disclose confidential information or perform actions for malicious purposes. -Example: Pretending to be a trusted colleague and asking for login credentials over the phone.
66,What are cookies in a web browser?,"Cookies are stored by websites on a user's device. They are used to track user preferences, session information, and provide a personalized browsing experience."
67,What is a DDoS attack and how does it work?,"A Distributed Denial of Service (DDoS) attack inundates a target server or network with excessive traffic originating from numerous sources, making it inaccessible to genuine users."
68,Explain what a security policy is,"A security policy comprises a collection of formally documented regulations, recommendations, and protocols that delineate an organization's methods to safeguard its information, assets, and technological resources."
69,What is the difference between symmetric and asymmetric encryption?,"-Symmetric Encryption uses a similar key for encryption and decryption. -Asymmetric Encryption employs a pair of keys, one public and one private. Data that is encrypted with one key can only be deciphered using the complementary key."
70,How can you prevent a Man-In-The-Middle attack?,"Use secure communication protocols, verify digital certificates, and avoid public Wi-Fi for sensitive transactions. Implementing strong encryption also helps."
71,What is a honeypot in cybersecurity?,"A honeypot is a decoy system or network designed to attract attackers. It allows security professionals to study their tactics, techniques, and motivations."
72,Explain the concept of a digital signature,"Adigital signatureemploys cryptographic methods to confirm the genuineness and unaltered state of a digital document or message, assuring both the sender's authenticity and the content's integrity."
73,What is a brute force attack?,It involves attackers employing a trial-and-error approach to find a password or encryption key by systematically testing every conceivable combination until they discover the correct one.
74,What are the common cyber threats today?,"Common threats include malware, ransomware, phishing, DDoS attacks, insider threats, and zero-day vulnerabilities."
75,What is the role of patch management in maintaining security?,Patch management regularly applies updates and patches to software and systems to fix security vulnerabilities. It's crucial for preventing the exploitation of known weaknesses by attackers.
76,Explain the concept of Public Key Infrastructure (PKI),"PKI is a system of cryptographic techniques that enables secure communication over an insecure network. Apublic key and a private keypair are employed for various cryptographic operations such as encryption, decryption, the creation of digital signatures, and the validation of public keys through the use of certificate authorities (CAs) to ensure their authenticity."
77,What are the key elements of a strong security policy?,"A strong security policy includes elements like access control, encryption, regular updates, user training, incident response plans, and compliance with relevant regulations."
78,How does a rootkit work and how would you detect it?,A rootkit is malicious software that gives attackers unauthorized access to a computer or network. Detection involves using specialized anti-rootkit tools and monitoring for suspicious system behavior.
79,Explain cross-site scripting and SQL injection,"XSS involves injecting malicious scripts into web applications, which can compromise user data. SQL Injection exploits vulnerabilities in SQL queries to manipulate a database. Both are forms of web application vulnerabilities."
80,What is a zero-day vulnerability?,It refers to a securityvulnerabilitypresent in software or hardware that is undisclosed to the vendor and lacks an existing solution. This loophole can be leveraged by malicious actors before a remedy is created.
81,Discuss the ISO 27001/27002 standards,"It is a framework for information security management systems (ISMS), while ISO 27002 provides guidelines for implementing security controls and practices within an organization."
82,How do threat detection systems work?,Threat detection systems monitor network traffic and system logs to identify suspicious activities or potential security threats using predefined rules and machine learning algorithms.
83,Explain the principles of ethical hacking,"Ethical hackinginvolves testing systems and networks for vulnerabilities to strengthen security. Principles include obtaining proper authorization, maintaining confidentiality, and responsible disclosure of findings."
84,What are the different types of network security?,"Network security includes perimeter security, firewall protection, intrusion detection systems, VPNs, and network segmentation to safeguard data and resources."
85,Discuss the concept of risk assessment in cybersecurity,"Risk assessment in cybersecurity involves identifying, assessing, and prioritizing potential threats and vulnerabilities to make informed decisions on security measures."
86,"What is incident response, and how is it managed?","Incident response encompasses a methodical strategy for handling and diminishing security incidents, encompassing key phases such as preparation, detection, containment, eradication, recovery, and knowledge acquisition."
87,Explain the principle of least privilege,"The Least Privilege principle limits the access of users and processes to the bare minimum required for their specific tasks, thereby minimizing the potential for unauthorized actions."
88,How does Secure Socket Layer (SSL) work?,"SSL protocol ensures secure data transmission between web browsers and servers using encryption, authentication, and data integrity checks."
89,What is network sniffing?,"Network sniffing is the practice of intercepting and analyzing network traffic to gather information, potentially for malicious purposes. It can be used for monitoring or attacks."
90,Discuss the importance of disaster recovery planning in cybersecurity,"Disaster recovery planning encompasses the proactive preparation and responsive actions required to safeguard against data loss or system failures, ultimately ensuring the uninterrupted operation of a business."
91,What is a Security Information and Event Management (SIEM) System?,"SIEM systems gather, correlate, and scrutinize security-relevant data from diverse origins to identify and react to security events."
92,How do you manage cryptographic keys?,"Cryptographic keys should be securely generated, stored, rotated, and protected to maintain the confidentiality and integrity of encrypted data."
93,What are the common methods for secure data disposal?,"Common methods include data shredding, overwriting, degaussing, and physical destruction to ensure that sensitive information cannot be recovered from storage media."
94,Explain the concept of endpoint security,"Endpoint security focuses on securing individual devices (endpoints) like computers and mobile devices by using antivirus, anti-malware, and intrusion detection systems."
95,Discuss the role of artificial intelligence in cybersecurity,"AI is used for threat detection, pattern recognition, and anomaly detection to improve cybersecurity defenses and automate incident response."
96,What are the challenges in cloud security?,"Challenges include data breaches, compliance, data loss prevention, and securing shared responsibility models in cloud environments."
97,How do penetration testing and vulnerability assessments differ?,"Penetration testing replicates real-world attack scenarios to discover vulnerabilities, whereas vulnerability assessments concentrate on scanning systems to detect recognized weaknesses."
98,What is a Security Operations Center (SOC)?,"SOC is a centralized team responsible for real-time monitoring, detecting, and responding to security incidents."
99,Discuss the importance of compliance in cybersecurity,"Compliance ensures that an organization follows relevant laws and regulations, helping protect data and avoid legal consequences."
100,What Is multi-factor authentication and how does it enhance security?,"MFA bolsters security by necessitating users to furnish multiple authentication factors, typically a combination of something they possess (e.g., a mobile token) and something they are aware of (e.g., a password)."
101,Discuss the challenges and strategies of securing IoT devices,"-Challenges: Device diversity, limited resources, and vulnerabilities. -Strategies: Regular updates, strong authentication, network segmentation, and IoT security frameworks."
102,Explain Advanced Persistent Threats (APT),"APTs are long-term, targeted cyberattacks by skilled adversaries. They use stealth, persistence, and sophisticated techniques to breach systems."
103,Discuss the role of blockchain in cybersecurity,"Blockchain can enhance security through decentralized consensus, data integrity, and immutable records. It's used in secure transactions and identity management."
104,"How do you approach securing a large, distributed network?","Employ segmentation, strong access controls, regular audits, and network monitoring to protect against threats across a vast network."
105,What is the importance of forensics in cybersecurity?,"Forensics helps investigate incidents, gather evidence, and understand attack vectors, aiding in incident response and legal actions."
106,Discuss the intricacies of network protocol security,"Secure protocols are essential for data confidentiality and integrity. Use encryption and authentication, and keep protocols updated to mitigate risks."
107,How do you manage security in a DevOps environment?,"Implement security into the development pipeline with automation, continuous monitoring, and collaboration between development and security teams."
108,Explain the concept of micro-segmentation in network security,Micro-segmentation isolates network segments for finer control and security. It limits the lateral movement of threats within a network.
109,Discuss the challenges of securing big data environments,"Challenges include data volume and diversity. Strategies involve encryption, access controls, monitoring, and data classification."
110,What are your strategies for managing supply chain risks in cybersecurity?,"Assess third-party vendors, enforce security standards, conduct audits, and maintain a supply chain risk management program."
111,Explain the concept of container security,"Secure containerized applications with image scanning, access controls, and runtime protection to prevent vulnerabilities."
112,How do you ensure compliance with international data protection laws (like GDPR)?,"Implement data protection policies, conduct privacy impact assessments, and ensure compliance with consent and data subject rights."
113,Discuss the future trends in cybersecurity,"Trends include AI/ML for threat detection, zero-trust architecture, cloud security, and increased focus on IoT and 5G security."
114,What are the ethical considerations in cybersecurity?,"Ethical concerns involve privacy, responsible disclosure, and avoiding harm to individuals and organizations."
115,How do you measure the effectiveness of a cybersecurity program?,"Use metrics like risk assessments, incident response times, and security posture evaluations to measure program effectiveness."
116,Discuss the challenges in securing wireless networks,"Challenges include rogue access points and eavesdropping. Solutions include strong encryption, network monitoring, and user education."
117,What is quantum cryptography and its implications for security?,"Quantum cryptography uses quantum mechanics to secure communication. It has the potential to resist quantum attacks, ensuring long-term security."
118,Explain the concept of federated identity management,"Federated identity allows users to access multiple systems with a single set of credentials, enhancing convenience and security."
119,What are the latest developments in cybersecurity threats?,"Threats evolve with new attack vectors, such as supply chain attacks, ransomware, and AI-driven attacks."
120,How do you manage security in a hybrid cloud environment?,"Secure hybrid cloud environments with consistent security policies, identity management, and data protection across on-premises and cloud resources."
121,Discuss the impact of artificial intelligence on cybersecurity threats,"AI can automate threat detection, enhance incident response, and improve security analytics. However, it can also be exploited by attackers."
122,What is the role of machine learning in detecting cyber threats?,"ML algorithms analyze large datasets to detect anomalies and patterns associated with cyber threats, enabling proactive security measures."
123,Explain the concept of threat intelligence and its application,"Threat intelligence is the collection and analysis of data to identify and respond to emerging threats, enabling proactive cybersecurity."
124,What strategies would you implement for securing mobile applications?,"Secure mobile apps with encryption, code reviews, secure APIs, and regular updates to protect against vulnerabilities and data breaches."
125,Discuss the challenges and solutions in endpoint detection and response (EDR),"EDR solutions monitor and respond to endpoint threats in real-time, providing visibility and incident response capabilities. Cybersecurity professionals often pursue certifications like CEH to advance their careers. But how much does it cost? Get a complete cost breakdown in this article onCEH Certification Cost: Detailed Breakdown."
126,"What's the difference between a threat, a vulnerability, and a risk?","These three terms form the foundation of every risk assessment, incident report, and triage decision you'll make as an analyst. A threat is anything that could cause harm to your systems, data, or operations. That could be a malicious actor, a piece of ransomware, or even something non-human like a power outage A vulnerability is a weakness that a threat can exploit, such as unpatched software, open ports, overly permissive IAM roles, or poor password hygiene A risk is the potential for loss or damage when a threat successfully exploits a vulnerability. It's the intersection of likelihood and impact and what teams are constantly trying to identify, reduce, or accept For example If a phishing email targets your organization (threat), and someone on the team reuses a weak password (vulnerability), there's a very real risk of account compromise and lateral movement."
127,What are the most common types of cyber attacks?,"Phishing tricks users into revealing sensitive information, usually through fake emails or login pages that look legitimate. It's one of the most common attack types because it targets people and not protected systems Malware is any kind of malicious software such as ransomware, viruses, or spyware that can steal data, damage systems, or give attackers remote access Man-in-the-middle (MITM) attacks happen when an attacker secretly intercepts communication between two parties, like between your browser and a website. They're often used to steal data in transit Denial-of-service (DoS) attacks overwhelm a system with traffic, forcing it to crash or slow down so real users can't access it. They don't always involve data theft but can still cause serious disruption SQL injection targets websites with poorly protected forms or input fields. Attackers insert malicious code into a field to access or tamper with the backend database Password attacks involve stealing or guessing user credentials either through brute force, password dumps, or reused credentials found in breaches Zero-day exploits take advantage of software bugs that haven't been patched yet. Since there's no fix available, these attacks are especially dangerous and hard to detect"
128,How does a firewall work?,"A firewall acts like a security guard between your internal network and the outside world. It watches traffic coming in and out, and blocks anything that doesn't follow the rules. For example Those rules might say ""only allow traffic on port 443 from trusted IPs"" or ""block anything trying to access this database."" Firewalls make these decisions based on things like IP address, port number, protocol, or in more advanced cases, even the contents of the data itself. There are two common types: Network firewalls sit between your internal network and the internet. They filter traffic going in and out of the whole environment Host-based firewalls run on individual machines and filter traffic specific to that device Some firewalls are stateless, meaning they treat every packet in isolation. Others are stateful, meaning they keep track of active connections and can make decisions based on the overall flow of traffic, not just one packet at a time. Why interviewers ask this They want to see if you actually understand how traffic control works in a real environment, and firewalls are one of the most common security tools you'll run into."
129,"What is the CIA triad, and why is it important?","The CIA triad stands for Confidentiality, Integrity, and Availability, and its the foundation of almost every decision in cyber security. Whether you're setting a password policy, responding to an incident, or building access rules, you're thinking in terms of one or more of these three goals. Confidentiality is about keeping data private. Only the right people should be able to access sensitive information, whether it's customer records, login credentials, or internal emails. Common protections include encryption, user authentication, role-based access, and even physical security such as keeping servers in a locked room Integrity means the data hasn't been changed, tampered with, or corrupted, either by accident or on purpose. A system log, for example, has to be trustworthy if you're investigating a breach. Tools like cryptographic hashes, digital signatures, and file integrity monitoring help ensure that what you're looking at is exactly what it was meant to be Availability means systems and data are accessible when needed. This is especially critical in healthcare, finance, and emergency services where if users can't access the tools or information they rely on, then the impact can be serious. Protections here include backup systems, load balancing, and mitigation against DDoS attacks or ransomware that locks users out. An important thing to also understand is that these three pillars often come into tension with each other due to their tradeoffs. For example You might encrypt everything to protect confidentiality, but that could slow down a system and hurt availability. Or you might open up system access to make it more available, but that could increase risk to both integrity and confidentiality. Good security decisions balance those tradeoffs. Why interviewers ask this They want to know if you understand what you're protecting and that you understand a system's priorities. So being able to frame problems through confidentiality, integrity, and availability shows you're not just following checklists but you're thinking like someone who can explain risks, justify decisions, and help build smarter security policies."
130,What's the difference between symmetric and asymmetric encryption?,"Encryption is how we keep data private, whether it's being stored or sent across a network. The key difference between symmetric and asymmetric encryption comes down to how the keys work. Symmetric encryption uses the same key to both encrypt and decrypt data. That means both the sender and the receiver need to have access to the same secret key. It's fast and efficient, which makes it a good choice for encrypting large amounts of data such as entire hard drives or internal backups. The downside is key management in that if someone intercepts the key, they can decrypt everything Asymmetric encryption uses two keys: a public key and a private key. The public key encrypts the data, and only the private key can decrypt it. This is useful when two parties don't already share a key. It's slower than symmetric encryption but essential for things like HTTPS, email encryption (like PGP), and digital signatures. RSA and ECC are common examples Most modern systems use a mix of both. For example When you connect to a secure website, asymmetric encryption is used during the initial handshake to exchange a shared key, but after that, symmetric encryption is used for the rest of the session because it's faster.Why interviewers ask this Encryption is used constantly in real-world systems and you'll see both symmetric and asymmetric methods in play. If you can explain how they differ, when to use them, and what tradeoffs they involve, it shows you're ready to talk about security architecture in a meaningful way."
131,What is multi-factor authentication and why is it important?,"Multi-factor authentication (MFA) is a way of making sure someone really is who they say they are by requiring more than just a password. Instead of relying on a single form of authentication, MFA adds one or more additional layers that fall into different categories: Something you know like a password or a PIN Something you have like a phone, hardware token, or authentication app Something you are like a fingerprint, face scan, or other biometric For example To log in with MFA, a user might enter their password on a website (something they know) and then login to their phone with the face (something they are), so that they can approve a push notification on their phone (something they have). This drastically reduces the chances of an attacker getting in because even if they've stolen the password, they would still need access to the second factor. This matters because most breaches start with stolen or reused credentials. MFA doesn't make systems unbreakable, but it raises the bar enough that many attackers will move on to easier targets. Why interviewers ask this They're testing whether you understand real-world access control, not just theory. MFA is one of the simplest and most effective ways to reduce unauthorized access, and it's used everywhere from cloud platforms to VPNs to email. If you can explain how it works, why it matters, and how it fits into layered security, you're showing that you understand both the technical side and the practical impact."
132,"What's the difference between a virus, a worm, and a Trojan horse?","These are all types of malware, but they spread and operate in different ways, and they're often used for different goals. Understanding those differences helps analysts assess how an infection started, how it might spread, and what it's designed to do. A virus is a piece of malicious code that attaches itself to a legitimate file or program. It can't run on its own and needs a user to trigger it, usually by opening an infected file. Once activated, a virus can corrupt data, damage system files, or spread to other files on the same system. The goal is often disruption or destruction, though some viruses are used to quietly create backdoors or disable defenses A worm spreads automatically through a network, without needing a user to do anything. It often takes advantage of a software vulnerability to copy itself across systems. Worms are designed for scale so they replicate quickly, often with the goal of consuming bandwidth, crashing services, or acting as a delivery system for payloads like ransomware A Trojan horse pretends to be something harmless like a game, a PDF, or a software installer, but contains hidden malicious code. The user willingly installs it, not realizing what it really does. Trojans are usually designed for stealth. They're often used to steal credentials, capture keystrokes, or open remote access so an attacker can quietly take control of a system Why interviewers ask this Malware isn't just about infection, it's about intent. If you can explain how different types operate and what they're designed to do, it shows you're ready to analyze alerts, investigate infections, and understand how attackers work."
133,"What's a SIEM, and how do analysts use it?","A SIEM (Security Information and Event Management) is a tool that collects, analyzes, and correlates security data from across an organization's systems. It's a central hub that can pull in events from firewalls, servers, endpoints, applications, and more so analysts can detect suspicious activity and investigate incidents in one place. At a basic level, a SIEM does two main things: Log aggregation. It collects and stores logs from across the environment. This gives analysts a historical view of activity across the network, which is critical during investigations Real-time monitoring and alerting. It applies rules to detect patterns that could indicate threats such as multiple failed logins, unusual outbound traffic, or privilege escalation But a good SIEM isn't just about detection. It's also a key part of incident response. Once an alert comes in, analysts use the SIEM to dig deeper, see what else happened around the same time, and trace an attack back to its source. You might also use it to generate reports for compliance, monitor threat trends over time, or identify gaps in coverage. Popular SIEMs include Splunk, IBM QRadar, LogRhythm, and Microsoft Sentinel. Many teams also use open-source options like Wazuh or Graylog. Why interviewers ask this SIEMs are central to how most security teams operate, especially in larger environments. Interviewers want to know if you've seen one in action or at least understand how it's used to detect and respond to threats."
134,How would you respond to a phishing email incident?,"Phishing emails are one of the most common entry points for attackers, so knowing how to respond is critical for any analyst. A good answer here shows that you can stay calm, follow a process, and think both tactically and strategically. Here's how a typical response might look: Report and preserve the evidence If a user reports a suspicious email, your first step is to preserve it. Don't delete it. You'll want to analyze the headers, links, attachments, and content. If the email hasn't been opened or clicked yet, that's a best-case scenario but it should still be treated as a potential threat without assuming compromise. Check for impact If the email was clicked or an attachment was opened, you'll need to assess whether any malicious payload was executed. Look for signs like unexpected processes, network connections, or downloads on the user's machine. This is where tools like endpoint detection and the SIEM come into play. Isolate and contain If you find signs of compromise, isolate the affected device from the network to stop any lateral movement or data exfiltration. At the same time, check if similar emails were sent to others in the organization as many phishing campaigns will try to hit multiple inboxes at once. Remove the threat and clean the system Once the immediate risk is contained, you'll want to remove any malware, close off any backdoors, and reset credentials if login data may have been stolen. This might involve scanning the device, restoring from backup, or rebuilding the machine entirely depending on severity. Report and communicate Document the timeline, what was affected, and what was done in response. Communicate clearly with both technical teams and leadership. If user awareness is part of the issue, this is also a teaching opportunity to prevent future incidents. Why interviewers ask this Phishing attacks happen constantly, and how you respond makes a huge difference. If you can walk through a clear, structured process, it shows you know how to protect data, prevent escalation, and work within a security team to limit the damage."
135,What's the difference between IDS and IPS?,"An IDS (Intrusion Detection System) and an IPS (Intrusion Prevention System) both monitor network traffic for suspicious or malicious activity, but the key difference is what they do when they detect something. IDS is passive. It detects and alerts. If it sees unusual behavior like port scanning, malware signatures, or protocol anomalies then it raises a flag, but it doesn't block the traffic. Think of it like a smoke detector: it warns you there's a problem, but it doesn't put out the fire IPS is active. It detects and blocks. When it sees something malicious, it can drop the packet, reset the connection, or block the offending IP address on the spot. This makes IPS more proactive, but also more sensitive. If not configured carefully, it can create false positives that block legitimate traffic Both systems often use similar detection methods: Signature-based detection looks for known patterns of malicious behavior Anomaly-based detection flags behavior that deviates from the norm, even if it doesn't match a known threat In many environments, IDS and IPS are combined into a single system (often called IDPS), or are built into next-generation firewalls. Analysts may still review alerts manually even in IPS setups, especially when there's a risk of blocking business-critical traffic. Why interviewers ask this They're checking whether you understand how network monitoring works and what the tradeoffs are between detection and prevention. If you can explain the difference clearly and talk about where each system fits in a layered defense strategy, then it shows that you're ready to reason through real-world security architecture decisions."
136,Can you walk me through how SSL/TLS works?,"SSL (now deprecated) and TLS (its modern replacement) are cryptographic protocols that secure data as it moves across a network - especially the internet. When you visit a secure website (the kind with ""https""), you're using TLS to protect the connection between your browser and the web server. Here's how it works at a high level: The handshake When a client (like a browser) connects to a server over HTTPS, they begin with a TLS handshake. This involves negotiating which version of TLS to use, selecting encryption algorithms, and exchanging digital certificates to prove the server's identity. Certificate validation The server sends a public certificate which is usually issued by a trusted certificate authority (CA). The client checks this certificate to make sure it's valid, hasn't expired, and matches the domain. This step ensures you're talking to the right server, not an impersonator. Key exchange Once the certificate is validated, the client and server agree on a shared session key using asymmetric encryption (like RSA or Diffie-Hellman). This key will be used to encrypt the rest of the session using faster symmetric encryption. Secure communication From that point forward, all data sent between the two is encrypted using the shared key. This protects against eavesdropping (confidentiality) and tampering (integrity). TLS also includes protections like message authentication codes (MACs) to verify the data hasn't been altered, and sequence numbers to prevent replay attacks. Why interviewers ask this TLS is everywhere, from web browsing to APIs to email encryption. If you can explain the handshake, the use of certificates, and why symmetric and asymmetric encryption are both involved, it shows you've got a practical handle on how secure systems are built."
137,How do you stay current with security news and emerging threats?,"Cyber security changes fast. New vulnerabilities are discovered daily, attackers constantly evolve their tactics, and tools you learned a few months ago might already be outdated, so it's vital to stay current. A strong answer here isn't about listing every blog you follow, but showing that you treat staying informed as an active habit, not a one-off task. Here's how many analysts do it: Security news sources. Sites like Krebs on Security, The Hacker News, and Dark Reading offer daily updates on breaches, threat actor activity, and major vulnerabilities Threat intelligence feeds. Free or commercial feeds (like AlienVault OTX, Recorded Future, or CISA advisories) help you track active IOCs and attack patterns Podcasts and YouTube channels. For passive learning during a commute or downtime. Examples include Malicious Life, CyberWire Daily, or John Hammond for hands-on content Twitter/X and LinkedIn. Many researchers and vendors post zero-day alerts or PoCs here before they make it into official channels Hands-on platforms. Labs and CTFs (like TryHackMe, Hack The Box, or Immersive Labs) often tie exercises to recent attacks, letting you learn by doing More important than the sources themselves, is showing how you use them. What do I mean? Well, reading about a CVE is one thing but pulling it into your lab, trying to exploit it safely, and understanding how to detect or block it in your environment is what sets professionals apart. Why interviewers ask this If you treat security like a static checklist, you'll quickly fall behind. But if you're proactive then it shows you're growing into the kind of analyst teams rely on to stay ahead of the curve."
138,"What's the difference between encoding, encryption, and hashing?","These three techniques all involve transforming data but their purpose, reversibility, and security are completely different. Let's break them down: Encoding is about formatting data so it can be safely transmitted or stored. It's not meant for security. Anyone who knows the encoding method can reverse it. For example, Base64 encoding takes binary data and turns it into ASCII characters so it can be sent in an email or URL. It's reversible and not designed to hide or protect data Encryption is about securing data by making it unreadable to anyone without the proper key. It's reversible but only if you have the right key. This is what we use to protect data in transit (like HTTPS) or data at rest (like encrypted hard drives). It's all about confidentiality Hashing is about verifying data integrity. It transforms input data into a fixed-length value (a hash), and this process is one-way. You can't reverse it to get the original input. Even a small change in the input will produce a completely different hash. This is how passwords are stored securely, or how files are checked for tampering. If two hashes match, you can trust the data hasn't changed Why interviewers ask this They want to see whether you understand what these tools are actually for. Misunderstanding them and thinking something like Base64 is a secure way to store passwords is a big red flag. But if you can clearly explain the purpose and limitations of each, it shows you're ready to use the right technique for the right job."
139,What steps would you take if you saw unusual outbound traffic from a user's machine?,"Unusual outbound traffic can be an early sign that something's wrong, such as malware communicating with a command-and-control (C2) server, data being exfiltrated, or a compromised account misbehaving. So how you respond shows whether you can investigate without jumping to conclusions, contain the issue, and prevent damage. Here's how most analysts approach this: Validate the alert First, confirm whether the traffic is actually unusual. False positives are common, so check the destination IP or domain. Does it look suspicious? Is it known on threat intel feeds? What protocol is being used, and what port? Correlate with other logs Use your SIEM or EDR tool to see what else the system or user was doing around the same time. Were there failed login attempts? New processes? File access or downloads? This helps you understand the broader picture and whether the traffic is part of a larger pattern. Check for known threats Look up indicators of compromise (IOCs) tied to the destination. Use tools like VirusTotal, URLhaus, or commercial threat intel platforms to see if others have flagged it as malicious. Isolate the host if needed If you suspect compromise, isolate the system from the network to stop further damage. This might be as simple as disabling the port, blocking outbound traffic, or using EDR containment features. Dig into the root cause What initiated the traffic? Was it a user action, a scheduled task, or malware? Check process trees, command history, browser sessions, or installed applications to find out what triggered the connection. Remediate and monitor If you confirm a threat, remove any malware or unauthorized software, reset credentials if needed, and tighten firewall rules or endpoint controls. Keep monitoring the host after remediation to ensure there's no reinfection or missed backdoor. Why interviewers ask this They're looking for a structured, thoughtful approach and not just ""block it and move on."" If you can show that you know how to investigate thoroughly and balance action with caution, it proves you're ready to respond to incidents in a real-world environment."
140,How would you perform a root cause analysis after a security incident?,"Root cause analysis (RCA) is about understanding why an incident happened and not just what it was. It's how security teams move from reacting to a current issue to preventing future ones, by identifying the real weakness that let the incident occur and making sure it doesn't happen again. Here's how a solid RCA typically unfolds: Confirm the timeline Start by establishing when the incident began, when it was detected, and when it was contained. Use SIEM logs, endpoint data, alerts, and timestamps from involved systems to create a reliable sequence of events. Trace the initial access point Figure out how the attacker got in. Was it a phishing email, a vulnerable public-facing service, stolen credentials, or insider activity? Look for signs in web logs, firewall rules, email headers, or authentication logs. Map the attack path What did the attacker do once inside? Did they move laterally, escalate privileges, or access sensitive data? Use endpoint telemetry, command histories, or file access logs to recreate their movements. Pay close attention to what tools or scripts they used. Identify what failed This is the actual ""root cause."" Was it a missing patch, poor logging, overly permissive access, or lack of monitoring? You're looking for the underlying gap in controls or process that made the attack possible or allowed it to escalate. Document the findings Write a clear, structured report that explains the timeline, impact, and root cause in plain language. Include any assumptions made, evidence collected, and technical indicators. Your report may also go to non-technical stakeholders, so clarity matters. Recommend corrective actions RCA is only useful if it leads to change. That might mean improving detection rules, tightening access policies, patching systems, updating response procedures, or training staff. Why interviewers ask this They want to know if you think beyond alerts and symptoms, so if you can walk through how you'd reconstruct an attack, isolate the true cause, and help the team learn from it, you're showing you're ready to contribute at a higher level, not just react to alarms."
141,Describe a threat-hunting approach you would use in a large network,"Threat hunting is about proactively looking for signs of compromise that your tools didn't catch. It's different from alert-driven investigation where you respond to something the system flagged. Hunting starts with curiosity and experience, not a triggered rule. In a large network, you often don't get a clean signal. Attackers can blend in with legitimate traffic, use stolen credentials, or exploit tools already used by admins. So a strong threat-hunting process is methodical and grounded in attacker behavior. Here's how it typically works: Form a hypothesis based on threat intel or behavior This hypothesis might come from recent alerts, intelligence about active groups, or gaps in your existing detection coverage. Starting with behavior (rather than just indicators) is key because it leads to better long-term detection. For example,""What if a threat actor is using a legitimate service account to move laterally via RDP?"" Identify relevant data sources Choose which logs or telemetry can confirm or disprove the hypothesis. That might include authentication logs, network traffic, endpoint process data, DNS queries, or cloud activity logs. In large networks, narrowing your scope (to a department, time range, or known high-risk system) helps avoid drowning in data. Hunt for patterns that match attacker tactics For example, if you're hunting for lateral movement, you might look for: Unusual RDP sessions outside business hours Service accounts logging into user endpoints Windows Event ID 4624 logons with suspicious process activity Sort the data Tools like Splunk, Elastic, Velociraptor, or Jupyter notebooks can help sift through large volumes of data quickly. If your org uses the MITRE ATT&CK framework, it can guide which behaviors to hunt for and help map what techniques you already cover. Investigate anything that stands out If you see something odd like a PowerShell script executed by a user who rarely uses PowerShell and then trace it further. What host was it run on? What happened before and after? What other systems did that user touch? This is where pivoting through log data is critical. Document your findings and improve detection Even if you don't find an active threat, the hunt still has value. You may identify noisy logs, blind spots in coverage, or gaps in existing rules. Any useful patterns you uncover can be turned into new detection rules to automate alerts next time. Why interviewers ask this They're testing whether you understand how advanced threats behave and whether you can take initiative without waiting for an alert. If you can walk through a real hunting process, grounded in attacker behavior and backed by smart use of data, it shows you're ready to contribute beyond the basics of alert triage and into long-term defense improvement."
142,What steps would you take to reduce false positives in IDS alerts?,"False positives can overwhelm security teams, waste time, and hide real threats. The goal is to tune the system so it detects real threats, not routine business activity, without suppressing anything important. Here's how you'd approach that: Prioritize the noisiest rules Start by identifying which signatures are firing the most. For example, maybe a rule is flagging internal vulnerability scans as port scans, or triggering on encrypted traffic that can't be inspected. Group alerts by signature ID, source, and destination so you can focus on what's creating the most noise. Understand the traffic and business context Work with IT or networking teams to understand what that traffic actually is. Maybe a daily database backup to cloud storage is triggering a data exfiltration alert. Or maybe an in-house monitoring tool is sending pings that the IDS interprets as a reconnaissance scan. If you don't understand what ""normal"" looks like, you'll keep chasing harmless events. Tune the rules This is where you adjust the logic of the rule: Add exceptions based on IP address or port (e.g. exclude internal tools or trusted services) Modify the pattern to be more specific (e.g. match only on a certain payload size or header) Tighten the time window or event threshold (e.g. only trigger on 5+ failed logins within 60 seconds) In tools like Snort or Suricata, this often means editing rule files directly or writing suppression rules. In commercial tools, it may involve using built-in filters or UI-based rule editors. Layer in contextual detection If your IDS supports it, integrate threat intelligence, geolocation, or asset criticality. For example, you might accept certain traffic from internal dev systems but alert if the same activity comes from a public IP or hits a production database. Test, monitor, and iterate After tuning, test against both real traffic and simulated attacks. Did you eliminate noise without silencing something important? Add logging to track suppression hits over time so you can revisit them if behavior changes. Document everything False positive tuning decisions should be recorded: what was changed, why it was safe, and who approved it. This helps with audits, team transparency, and long-term tuning hygiene. Why interviewers ask this They're testing whether you understand the balance between visibility and signal quality. Anyone can say ""tune the IDS,"" but they're looking for someone who can explain how to do it, why it's necessary, and how not to break detection in the process. So if you can talk through real examples of reducing alert fatigue while preserving coverage, it shows you're ready to own part of the detection engineering pipeline."
143,How would you secure an AWS-hosted web app from common vulnerabilities?,"Securing a web app in AWS means protecting both the application layer and the cloud infrastructure it runs on. (Attackers don't care where the weak spot is, whether it's in your code, your misconfigured S3 bucket, or your overly permissive IAM roles). So a good answer here shows that you understand how to think across layers and not just at the surface. Here's how you'd approach it: Start with application security basics Make sure the app itself follows best practices: Input validation and output encoding to prevent injection attacks (like SQLi or XSS) Use modern authentication protocols (like OAuth or OpenID Connect) Store passwords with strong hashing algorithms (e.g., bcrypt, Argon2) Sanitize file uploads, enforce HTTPS, and implement rate limiting for brute-force protection Use AWS services to your advantage AWS offers tools built for secure deployment: Use WAF (Web Application Firewall) to block common attack patterns like SQL injection or XSS Set up Shield or Shield Advanced to mitigate DDoS attacks Enable CloudFront for CDN-level security and TLS termination Store secrets using AWS Secrets Manager, not in environment variables or code Lock down S3 and other storage buckets One of the most common AWS mistakes is making S3 buckets public by default. Enable bucket policies to restrict access to trusted services or users only Use server-side encryption to protect stored data Enable logging to monitor access and detect misconfigurations early Harden the EC2 and Lambda environments If you're using EC2: Only allow required inbound traffic (e.g., HTTPS on port 443) Apply patches regularly using AWS Systems Manager Patch Manager Use IAM instance roles instead of hardcoded credentials If you're using serverless (Lambda): Limit each function's permissions to exactly what it needs (principle of least privilege) Monitor invocation patterns to detect abuse or compromise Use IAM and access control carefully IAM roles and policies are dangerous if misused. Avoid wildcard permissions (e.g., ""s3:*"") Enable MFA for all users, especially root Regularly audit IAM policies and rotate credentials Monitor, log, and alert Enable CloudTrail for auditing AWS API activity Use GuardDuty to detect suspicious behavior across AWS services Centralize logs in CloudWatch and set up alerts for anomalies (e.g., unauthorized API calls or sudden traffic spikes) Why interviewers ask this Securing an AWS-hosted web app isn't just about writing safe code, It's also about using cloud-native tools, locking down infrastructure, and understanding shared responsibility. So if you can walk through multiple layers of protection you're showing you're ready to secure real-world cloud deployments."
144,What's your approach to creating a layered security strategy?,"A layered security strategy, (also called defense in depth), means building multiple overlapping defenses so that if one control fails, others are still in place to protect the system. No single solution is perfect. Attackers often exploit the gaps between layers, so the idea is to minimize those gaps and make compromise as difficult and time-consuming as possible. Here's how to approach it in practice: Start with understanding what you're protecting Every security decision should be tied to an asset. Is it customer data, intellectual property, critical infrastructure? Understanding what's most valuable helps prioritize the strongest protections where they matter most. Build layers across different domains A good layered strategy includes controls at multiple levels: Network layer. Use firewalls, network segmentation, VPNs, and traffic filtering Endpoint layer. Use EDR tools, host-based firewalls, app whitelisting, local encryption Application layer. Use secure coding practices, web application firewalls, authentication controls Data layer. Make sure to use encryption at rest and in transit, access controls, data loss prevention Identity layer. Employ role-based access, MFA, least privilege, SSO Monitoring and detection. Use SIEM, anomaly detection, alerting, centralized logging Response and recovery. Make sure to have backup systems, playbooks, incident response planning Apply the principle of least privilege everywhere Every user, system, and process should only have the access it absolutely needs and nothing more. This reduces the blast radius of a breach and helps limit lateral movement. Assume breach Don't just focus on keeping attackers out. Design your layers assuming someone will eventually get in. That means building detection and containment into your strategy, not just prevention. For example, even if a phishing email gets through, endpoint detection and rapid isolation can stop it from spreading. Regularly test and validate the layers Run tabletop exercises, red team engagements, or even internal audits to make sure the layers are working together. Just because a control exists doesn't mean it's effective or properly configured. Prioritize usability and maintainability A layered strategy is only effective if it's usable. If your controls are too restrictive, users will find workarounds. If they're too complex, they'll be misconfigured. Balance matters just as much as coverage. Why interviewers ask this They're looking for strategic thinking and not just whether you know tools, but whether you understand how to build resilience. If you can walk through how to combine prevention, detection, and response across layers and explain why each matters, you're showing that you think like someone who can help design secure systems, not just patch them."
145,"What's the difference between red teaming, blue teaming, and purple teaming?","Red, blue, and purple teaming is a structured approach to testing and improving security defenses. It's a deliberate framework used across the industry to simulate attacks, measure detection, defense, and response, and improve over time. Here's how it works: Red teams simulate real-world attackers. Their job is to find weaknesses and exploit them such as phishing users, exploiting vulnerabilities, moving laterally across systems. The goal is to test how well defenses hold up, not just whether a tool catches something Blue teams are the defenders. They monitor logs, detect suspicious activity, investigate alerts, and respond to threats. In a red team exercise, they often don't know what's coming, which helps simulate the stress and unpredictability of real-world incidents Purple teaming is about collaboration. So instead of testing defenses in a silo, red and blue teams work together. They share what was done, what was missed, and what needs to improve. Purple teaming turns red vs. blue into a feedback loop that strengthens both offense and defense Why interviewers ask this Knowing the difference between red, blue, and purple teaming shows that you're thinking beyond isolated tools and alerts. You're thinking in terms of long-term, structured resilience."
146,"Explain the differences between risk, vulnerability, and a threat","Vulnerability is a weakness or gap in a company's security efforts, while a threat is a hacker who has noticed this weakness and exploits it. A risk, on the other hand, is a measure of how much the vulnerability has been exploited."
147,What are the differences between symmetric and asymmetric encryption? And which is better?,"Symmetric encryption is a type of encryption that uses a single key, a secret key, to both encrypt and decrypt electronic information. Entities communicating via symmetric encryption must exchange the key so they can be used in the decryption process. On the other hand, Asymmetric encryption uses two keys, one public and one private, to encrypt and decrypt messages. While the symmetric encryption is faster, the key needs to be transferred using an unencrypted channel, the asymmetric encryption is slower but more secure. Each has its pros and cons, which means a better approach is to combine the two types of encryption. This means we'll need to set up a channel with asymmetric encryption and send the data using a symmetric process."
148,"What does a white-hat, black-hat, and grey-hat hacker mean?","A white-hat hacker , known as an ethical hacker, is a person who uses their hacking skills to find vulnerabilities in companies' networks. White-hat hackers are usually employed by the company under a non-disclosure agreement (NDA) to hack their systems and servers so that the company can then reinforce its firewalls and cybersecurity protocols. A black-hat hacker or a malicious hacker is a cybercriminal. Black-hat hackers attack companies' and organizations' networks to uncover private information whether for personal or political gain or for fun. A grey-hat hacker is someone who is in-between the other two. They might hack into systems and networks and violate laws but they usually don't have the malicious intentions of black-hat hackers."
149,What is the difference between a data leak and a data breach?,"A data leak is when unauthorized information is released either through an unauthorized person or because the information was accessed by a hacker. A data breach is part of a cyberattack and involves a cybercriminal attacking a system, server, or email."
150,What are the main elements of cybersecurity?,They are: - Information security - Network security - Application security - Operational security - End-user security - Business continuity planning
151,What is Cryptography?,"This is one of the most common cybersecurity interview questions. Interviewers use it to see if you have the basic knowledge of cybersecurity processes. Your answer should include both a definition of cryptography and how you've used it in the past (if you have). Cryptography is a method of secure communication to protect data from third parties that the data isn't intended for. You can say something like: 'In my previous position, I used cryptography to encrypt the company's data and ensure that the information is transferred securely via the company's private network.'"
152,What is the CIA triad?,"CIA stands for confidentiality, integrity, and availability. The CIA triad is used to secure both systems and operations."
153,What's the difference between hashing and encryption?,"Hashing is the process of converting data into a different format that only an authorized person can access, whereas encryption involves coding the data where a person with an encryption key or a password can access the data. Hashing offers more data security than encryption."
154,What are the differences between IDS and IPS?,"An intrusion detection system or IDS is a system that detects possible intrusions. However, it's often less efficient compared to the intrusion prevention system (IPS). The IPS helps streamline the security process as a whole. Both IDS and IPS compare network packets to databases that contain signatures of cyberattacks. They also flag any packets that match the cyberattack signatures."
155,What is a firewall?,"A firewall is a network security system that monitors and controls traffic to protect a company's network from viruses, malware, and other cybersecurity risks. Firewalls are used across organizations of all sizes and by individuals. If you're applying for a cybersecurity analyst role , then you're likely to see several of the following questions in your job interview."
156,How can you strengthen user authentication in the company?,"To enhance user authentication, I'd use two-factor authentication or, depending on the company's needs, a non-repudiation approach. After that, I'd use these two methods with the network for failsafe authentication."
157,What is a VPN?,A VPN is a virtual private network. It can be applied to both small-scale networks and to large informational data systems.
158,How would you set up a firewall?,"These are the steps I would follow to set up a firewall: 1. For the username and password: We'll need to change the default password for a firewall device. 2. For remote administration: We'll need to disable this feature . 3. For port forwarding: We'll have to configure the correct port forwarding to ensure that applications, like a web server or an FTP server, work properly. 4. We'll need to ensure that the network's DHCP server is disabled before installing the firewall. Otherwise, it will cause a conflict. 5. We'll need to make sure that logging is enabled so that we can troubleshoot any firewall issues or possible attacks. 6. In terms of policies, we should have clear security policies. The firewall should enforce those policies."
159,How would you prevent identity theft? Mention the steps you'd use,"To prevent identity theft, I'd start with ensuring that all company passwords are strong, unique, and hard to break. After that, I'd use specialized security solutions such as encrypting data files including sensitive information like customer data, credit card information, and social security numbers, and updating system networks."
160,How would you advise other employees in the organization to avoid identity theft?,"I would offer them the following tips: - Make sure you use a strong password including letters, numbers, and special characters - Only shop via popular and trusted websites - Don't share any passwords with anyone - Install advanced spyware and malware protection tools on your computers - Keep your system and software up-to-date - Don't share confidential information online or on social media - Make sure your browser is up-to-date"
161,What is a MITM attack?,"A man in the middle (MITM) attack is when an unauthorized person eavesdrops on or enters a conversation between a user and application. This unauthorized person may also impersonate the application or chatbot, making it seem like a normal conversation when their actual target is to steal the user's personal information such as login credentials, credit card information, or account details."
162,How would you prevent a MITM attack?,"To prevent a MITM attack, I'd log onto the company's VPN and use a strong WPA or WEP encryption. After that, I'd use an IDS to review potential risk factors. Then, I'd set up the PKI infrastructure for public key pair-based authentication. Never miss an opportunity to briefly share your experience with one or more defensive methods against attacks."
163,What is a Traceroute?,Most interviewers ask about Traceroutes to evaluate a candidate's familiarity with network diagnostics. I've used Traceroute to monitor and assess where connections break in company packet path systems. Traceroute helps me identify areas of failure in packet pass-throughs.
164,How can you prevent an XSS attack?,"If the organization uses anti-XSS tools, I'd use those tools to create high-level encryption and prevent XSS attacks. If the company doesn't have anti-XSS tools, I'd create and enforce measures that guarantee user input validation and set up a CSP (content security policy) for the firm's network. After that, I'd encode special characters."
165,How often do you conduct patch management?,"I like to perform patch management as soon as it's released. From experience, I know that Windows patches are released monthly. I'd apply the patch to all of the organization's networks, devices, and servers within a month at most."
166,How would you secure the company's server?,"To secure the company's server, I'll first need to ensure that all of the company's passwords - for both root and administrative users - are secure. After that, I'd create new users that I'll use to manage the system and take away remote access from root accounts and the default administrator. After completing this step, I'd create firewall boundaries for remote access."
167,What are the main transmission modes between devices in a computer network?,"The three transmission modes are the Simplex Mode, the Half-Duplex Mode, and the Full-Duplex Mode. In the Simplex Mode , data can be sent in only one direction. That is, the message cannot be sent back to the sender. In a Half-Duplex Mode , the data can be transmitted in two directions using a signal carrier. However, the transmission cannot be done in both directions at the same time. In the Full-Duplex Mode , the data is bidirectional, that is, it can be sent in both directions at the same time."
168,What are the different types of networks?,"A:The types of networks are LAN, WAN, WLAN, system area network, storage area network, personal area network, and Metropolitan. The types of networks are LAN, WAN, WLAN, system area network, storage area network, personal area network, and Metropolitan."
169,Explain what SSDP is.,"SSDP stands for Simple Service Discovery Protocol, which is a network protocol that uses the internet protocol suite to discover network services and information and for advertisement purposes."
170,Explain to me what a brute-force attack is and how you can avoid it or mitigate it,"A brute-force attack is when a hacker attempts to uncover a target's password using a permutation or fuzzing process. This type of attack takes a long time and process. And it's because of that, that attackers use software such as Hydra or Fuzzer to automate the password creation process. To prevent a brute force attack, you'll need to carry out one or more of the following options: 1) Use strong passwords for your public server or web app: Include numbers, small and capital letters, and special characters to create a long and strong password. 2) Limit the number of login attempts : Either use a plugin to reduce the number of logins allowed per user. If users add their password incorrectly two or three times, they'll be banned from accessing their account for some time. 3) Keep an eye on IP addresses : This can be considered an extension of point #2. Monitoring IP addresses allows you to see where potential hackers for a brute force attack are coming from. It also indicates suspicious activity. This step is important for businesses whose employees work remotely. 4) Use two-factor authentication: You'll notice that many social media apps are beginning to rely on this add-security method. Google is one of those websites that uses a two-factor authentication method for when you log in for the first time via a new browser. 5) Use CAPTCHAs: An acronym for ""Completely Automated Public Turing test to tell Computers and Humans Apart,"" a CAPTCHA is a challenge that involves clicking certain images or writing certain letters and numbers to indicate that the person on the other end is, in fact, a person and no AI."
171,What are common tools used to secure a standard network?,"Tools include firewalls, password managers, IDS and IPS, end-point antiviruses, as well as security policies and procedures."
172,Explain what SNMP is,"SNMP stands for simple network management protocol, which is considered an internet standard protocol and application layer protocol. The SNMP is used to collect and organize information for managed devices on IP networks. It's also used to modify that information so you can change the device's behavior."
173,Explain to me what a sniffing attack is,"A sniffing attack is similar to stealing or intercepting data. The attacker does this by using a sniffer, such as Wireshark, to capture network traffic. If the data isn't encrypted when it's being transferred across the network, the attacker can read the data in the network packet using the sniffer."
174,Name the different layers of the OSI model,OSI stands for Open Systems Interconnection and there are 7 layers in the OSI model. These are: - Physical layer - Datalink layer - Network layer - Transport layer - Session layer - Presentation layer - Application layer
175,What is VLAN? And what are the differences between a VPN and a VLAN?,"The VPN is a remote access network with an encrypted and secured tunnel. A VPN prevents hackers from accessing the network and doesn't allow people to capture the data packets. Meanwhile, the virtual LAN (VLAN) is a broadcast domain that is isolated within a computer network at the data link layer. Using a VLAN, we can group work stations that aren't found in the same location as the broadcast network. A VLAN doesn't require or involve encryption and it can divide networks without physically segregating the switches."
176,What is port blocking within LAN?,Port blocking in LAN means restricting users' access to several services within the local area network.
177,Name some common types of cyberattacks,The most widely-seen cyberattacks are: - Malware - Password attacks - Phishing - Malvertising - Man in the Middle (MITM) - DDoS - Drive-by Downloads - Rogue software
178,What are the differences between HIDS and NIDS?,"A Host IDS (HIDS) and a Network IDS (NIDS) are Intrusion Detection Systems. However, the HIDS can only be set up on a particular device or host, where it will monitor the traffic of this device or host and any suspicious activities. On the other hand, the NIDS is set up on a network where it monitors all the traffic and suspicious activities of all devices connected to the entire network. Cybercrime is a type of crime that happens on the internet. Examples include identity theft, hacking of sensitive information online, ransomware, stealing intellectual property, online predators, and business email compromise (BEC)."
179,What kind of cookie can be used in a spyware attack?,"Tracking cookies are most commonly-used in spyware attacks because they can last through multiple sessions, unlike the session cookie which lasts for only one session."
180,What is SSL and how is it used?,SSL stands for Secure Sockets Layer. It's a type of technology used to protect the information in online payments and transactions by creating and using encrypted connections between a web browser and a web server. SSL certificates are used to provide data privacy.
181,What is Vulnerability Assessment (VA) and how is it different from Penetration Testing (PT)?,"Vulnerability Assessment is the process of locating flaws or vulnerabilities on the target. For example, a company may be aware that its security system has flaws or weaknesses. To find those flaws, prioritize them, and fix them, they would need to conduct a Vulnerability Assessment. On the other hand, Penetration Testing (PT) is the process of finding vulnerabilities on the target. In this situation, the company would have set up all possible security measures they could think of and test other ways their system or network may be hacked. Before we dive into the questions a cybersecurity project manager will likely see in an interview, let's first define what a cybersecurity project manager does - as opposed to an entry-level executive or an analyst."
182,What does a Cybersecurity Project Manager do?,"""Project managers are change agents…They make project goals their own and use their skills and expertise to inspire a sense of shared purpose within the project team."" ( The Project Management Institute - PMI ) Add in the needs and tasks performed by a cybersecurity executive and you have a role that juggles both tech, security, and a lot of responsibility. Often part of the IT team, cybersecurity project managers are tasked with defending their company or organization against hackers and cyberattacks. Here's what one cybersecurity project manager has to say about his role: ""I work to ensure my organization's critical infrastructure, their assets, things that are critical to the organization's survival has security built-in, preferably from the very beginning,"" cybersecurity project manager Jackie Olshack, PMP tells The INFOSEC Institute ."
183,What is a data leak? How can you detect it and prevent it?,"A data leak is when a company's or organization's private data is released to the public in an unauthorized manner. Data leaks can come in many ways such as hacked emails and networks, stolen or lost laptops, or released photos. To prevent a data leak, a company needs to restrict internet uploads, add restrictions to email servers, and restrict the printing of confidential information and data. To detect a data leak, you'll need to: 1) Monitor access to all your networks 2) Evaluate the risk of third-parties 3) Identify and secure sensitive data 4) Encrypt data 5) Secure all endpoints 6) Evaluate permissions across the organization 7) Use cybersecurity risk assessments"
184,What is a cybersecurity risk assessment?,"A cybersecurity risk assessment is part of an organization's risk management strategy because it helps them see how their security is performing along with current vulnerabilities and potential risks. A cybersecurity risk assessment also covers the different types of assets owned by a company that may be prone to cyberattacks. These assets can include physical assets such as hardware, laptops, or non-physical assets such as customer data. Companies that use a cyber risk assessment can prioritize addressing those risks based on their importance and the available budget."
185,What is phishing? And how can you prevent it?,"Phishing is a type of cyberattack where a hacker pretends to be a trustworthy person or company in order to steal personal and sensitive data and information using a fraudulent email or another type of message. To prevent phishing attacks, a user or company can follow these best practices: - Avoid entering sensitive information - such as credit card data or passwords - in websites you don't know or trust - Use firewalls so they can detect unsafe and spammy sites - Use antivirus software with internet security - Verify the site's security - Use an anti-phishing toolbar"
186,What is an SQL injection? And how can you prevent it?,"An SQL injection (SQLi) is an attack by injecting a code so that the hacker can manipulate any data that's being sent to the server to carry out malicious SQL statements and thereby control the web application's database server. In other words, the SQL injection allows the hacker or attacker to access, change, or even delete data on a server. Hackers use SQL injections to take over database servers. To prevent an SQL injection, you need to: - Use prepared statements - Use stored procedures - Validate user input"
187,What is MAC spoofing?,"MAC stands for Media Access Control. A MAC Address is a physical and unique identification number that's placed on every network-connected device. The MAC address is virtually etched to the hardware by the device manufacturer, which means users cannot change or rewrite the MAC address. However, it's possible to mask the address on the software side. This masking is called MAC spoofing. Hackers use MAC spoofing to hide their identity and imitate others. In network terminology, spoofing is manipulating or infiltrating the address system in computer networks. Other targets that hackers can spoof or manipulate are internet protocol (IP), address resolution protocol (ARP), and the domain name system (DNS)."
188,What is a Botnet? And how does it work?,"A Botnet is a network of devices connected to the internet that has been hijacked by a number of malicious bots. Sometimes these bots are referred to as zombies, making the botnet a zombie army. The person in charge of the botnet is called a bot herder and they can direct each malicious bot to perform an illegal action. Botnets are often used to send spam messages, steal data, or carry out a DDoS attack."
189,What is cognitive cybersecurity?,"Cognitive Cybersecurity is using AI that relies on human thought processes to uncover threats and protect both digital and physical systems. Using a high-powered computer model, self-learning security systems use natural language processing, data mining, and pattern recognition to mimic the human brain."
190,What is a Brute Force Attack? What steps can you take to prevent it?,"A brute force attack is a trial-and-error method used to decode encrypted data such as a password by trying various combinations of possible credentials. These brute force attacks are typically automated. Some of the methods you can use to prevent these cyberattacks include instituting mandatory password complexity and length (and ensuring that no one in the company is still using a default password), putting a two-factor authentication system in place, or setting a limit on unsuccessful login attempts."
191,What is the difference between black hat and white hat hackers?,"A black hat hacker is a person who tries to obtain unauthorized access into computer systems or operating systems through a brute force attack or other tactics for malicious reasons, while white hat hackers use some of the same tactics for a totally different goal: to help organizations fix vulnerabilities to protect data and keep sensitive data safe from malicious actors."
192,What are the different layers of the OSI model?,The seven different layers of OSI (Open Systems Interconnection) models are: Physical Layer Data Link Layer Network Layer Transport Layer Session Layer Presentation Layer Application Layer
193,What steps would you take to secure a server?,"For virtually any job in cyber security, hiring managers will want to know that you have experience protecting and securing a web server. The first step in your response should be to secure passwords for administrative and root users before removing remote access from default admin and root accounts. The final step would be to set up a firewall to monitor network traffic and protect the computer system from being attacked by malware, viruses, or warms."
194,How do you keep on top of cybersecurity industry news and trends?,"In cybersecurity, staying on top of trends can make all the difference in protecting your company from emerging threats. Your hiring manager will want to see that you are plugged into the industry. Talk about how you check vulnerability alert feeds and advisory websites, read cybersecurity news sites and blogs, and follow all the top cybersecurity social media accounts. It is also worth mentioning if you have experience networking and sharing ideas with other cybersecurity professionals at conferences, live events, or other meet-ups."
195,Why is a good cybersecurity team essential for any business?,"This is a good opportunity for you to show the hiring manager that you understand overall business goals and how cybersecurity fits in. Talk about the importance of convincing management to prioritize security policy and infrastructure by focusing on how any breaches of network security could affect sales, revenue, and the company's reputation. Stress your experience communicating these ideas in a persuasive and accessible way to a variety of stakeholders."
196,What steps do you take to stay abreast of the latest cyber threats and trends?,"I am committed to continuous learning and professional development. I regularly attend industry conferences, webinars, and workshops. Additionally, I am pursuing relevant certifications, including [Best Cyber Security mention certifications], which help me stay updated on the latest threats, vulnerabilities, and security strategies. I also follow reputable cyber security blogs and news sources like ThinkCloudly to stay informed about emerging trends."
197,Can you explain the concept of a 'zero-day vulnerability'?,"Zero-day vulnerability refers to a security flaw in a software application or system that is exploited by attackers before it is known to the developer. This 'zero-day' refers to the fact that developers have 'zero days' to fix the problem before an attack occurs. As a cyber security analyst, my role includes monitoring such vulnerabilities, applying patches when available, and mitigating the risk of exploitation. shall include the imposition of temporary mitigation."
198,How do you approach the incident response process?,"Incident response is an important aspect of cyber security. My approach includes a well-defined plan that includes preparedness, detection, prevention, mitigation, recovery and lessons learned. I quickly cross- Work closely with functional teams to assess the nature and impact of the incident, isolate affected systems, remove threats, restore services and, finally, conduct a thorough post-incident investigation to prevent future incidents. Analyze it."
199,Describe your experience with penetration testing and ethical hacking.,"I am engaged in penetration testing to identify vulnerabilities in systems before they are exploited by malicious hackers. It involves simulating real-world attacks to evaluate the effectiveness of existing security measures. Ethical hacking is a controlled and authorized process aimed at strengthening security. I have successfully conducted penetration tests, reported vulnerabilities to stakeholders, and recommended remedial strategies to enhance overall system security."
200,How do you ensure compliance with data protection regulations such as the GDPR or CCPA?,"Compliance with data protection regulations is an important aspect of cyber security. I have a comprehensive understanding of regulations such as the GDPR and CCPA. I implement data security measures such as encryption, access controls and regular audits to ensure that And sensitive data is handled in accordance with legal requirements. I also collaborate with the legal and compliance teams to stay abreast of emerging regulations."
201,Can you share an example of a challenging security incident you handled?,"Certainly. In my previous role, we faced a sophisticated phishing attack that targeted our employees via highly trusted email. The attackers gained unauthorized access to some sensitive data. I led the incident response team in preventing the breach, identifying compromised accounts, and enhancing email security protocols. We provided immediate employee training to recognize phishing attempts, and subsequently took multiple steps to prevent unauthorized access. One-factor authentication implemented."
202,What do you have on your home network?,"An ideal answer may include components such as a Windows laptop, generic wireless router, personal smartphone, Linux workstations, an Active Directory Domain Controller, a dedicated firewall appliance, and even internet-connected smart devices like a smart toaster. The goal is not the quantity of equipment but the candidate's ability to articulate how they've configured and secured these devices, what roles they serve, and how each part contributes to the overall network structure."
203,What is SQL Injection?,"SQL Injection is a method attackers use to manipulate SQL queries by inserting malicious input into form fields or URL parameters, bypassing authentication layers and retrieving unauthorized data from databases. Understanding the concept is one thing, but effective candidates will also discuss how to prevent such attacks using parameterized queries, input validation, and database access control. The ability to not only identify a threat but also describe mitigation strategies is a sign of practical readiness."
204,What is the difference between an SSL connection and an SSL session?,"A clear explanation would note that an SSL connection is a temporary peer-to-peer communication path used during the transport of data, while an SSL session represents the broader encrypted association established through a handshake protocol between a client and a server. Understanding SSL architecture is crucial for any cybersecurity role, especially when protecting sensitive transactions over web applications. SSL parameters, such as session ID, compression methods, and encryption keys, play an essential role in safeguarding data during transmission."
205,What are the three ways to authenticate a person?,"the standard trio: something the person knows (like a password), something they have (such as a security token or smartcard), and something they are (biometric data like fingerprints or facial recognition)."
206,"Distinguish between white box, black box, and grey box testing.","Each methodology simulates a different type of attacker profile: White box testing involves full disclosure, where testers have access to internal data, source code, and infrastructure details. Black box testing simulates real-world attacks without prior knowledge, forcing testers to probe for weaknesses from an outsider's perspective. Grey box testing offers a hybrid approach where testers receive partial information about the system."
207,What are some typical vulnerabilities in web servers?,"Vulnerabilities often arise from misconfigured services, default settings that are never updated, bugs in the server's operating system, and outdated web server software. These flaws can expose the system to exploits ranging from remote code execution to privilege escalation. Security professionals must be adept at hardening web servers by changing default ports, disabling unnecessary services, updating software regularly, enforcing secure permissions, and monitoring log files for suspicious activities. These actions can greatly reduce the attack surface and improve the system's overall security posture."
208,"What is traceroute or tracert, and how is it used?","Traceroute is a diagnostic tool used to map the path that packets take from one device to another over a network. By listing all intermediate routers a packet passes through, it helps professionals identify where delays or failures occur along the communication path. For instance, if a server is unreachable, traceroute can pinpoint whether the issue lies with an internal router or an external ISP. In cybersecurity, such tools are often used to verify the integrity of network connections, assess latency issues, or detect the presence of firewalls and filtering devices in transit paths."
209,How to secure a Linux server?,"candidates can reference a widely accepted three-step approach: auditing, hardening, and compliance. Auditing involves assessing the current state of the system. This includes checking open ports, installed packages, access rights, and system logs. Hardening means configuring the system to reduce vulnerabilities. This includes disabling unused services, setting up firewalls, enforcing strong passwords, and applying security patches. Compliance ensures that the server meets internal and external regulatory standards. This could involve adherence to frameworks such as ISO 27001, NIST, or CIS Benchmarks. This structured approach shows that a candidate can apply disciplined and repeatable processes to system defense."
210,What is salting and what is it used for?,"Salting involves adding a unique, random string to each password before hashing it. This process ensures that even if two users choose the same password, their hashed outputs will differ. It also helps protect against rainbow table attacks, where precomputed hash values are used to reverse-engineer passwords. In cybersecurity roles, knowledge of salting goes hand in hand with familiarity in secure hashing algorithms like bcrypt, PBKDF2, and Argon2, all of which are designed to resist brute-force and dictionary attacks. Candidates are expected to explain how password security fits into broader identity and access management frameworks."
211,What are the components used in SSL?,"SSL, or Secure Sockets Layer, is used to encrypt data transmitted between clients and servers. The main components include: Handshake protocol, which negotiates the security parameters between client and server. Encryption algorithms, used to secure the actual data being transmitted. Change Cipher Spec, which signals the transition from unencrypted to encrypted communication. SSL record protocol, responsible for fragmenting and reassembling data packets."
212,What is WEP cracking?,"This refers to exploiting weaknesses in the Wired Equivalent Privacy (WEP) encryption protocol used in older wireless networks. WEP is susceptible to several vulnerabilities, particularly its reuse of encryption keys, which allows attackers to intercept packets and recover the key using statistical methods. Cracking tools such as Aircrack-ng can be used to demonstrate how quickly WEP-protected networks can be compromised. Understanding WEP cracking is important, not because WEP is still widely used, but because it represents how poor encryption choices can render a system vulnerable. Candidates should also discuss how WPA2 and WPA3 provide stronger protection and why modern networks should never rely on legacy security protocols."
213,What parameters define an SSL session state?,several key attributes: Session Identifier - uniquely identifies the session Cipher Specification - defines the algorithms used for encryption Compression Method - method used to compress data before encryption Master Secret - shared secret used to generate session keys Peer Certificate - the digital certificate used to authenticate the server or client
214,How to secure a home wireless networks?,Typical measures include: Hiding the SSID so the network is not easily discoverable Enabling WPA2 or WPA3 encryption to secure communications Implementing MAC address filtering to restrict access only to known devices Disabling remote administration to prevent unauthorized changes Changing default login credentials to prevent unauthorized access to router settings
215,What is port scanning?,"Port scanning is a technique used to identify open ports and services available on a networked device. This information can help security analysts determine potential entry points into a system. While security professionals use port scanning for legitimate purposes such as vulnerability assessments and system hardening, attackers use it to find weak spots."
216,"What is phishing, and how can it be prevented?","Phishing is a form of social engineering where attackers impersonate trustworthy sources to deceive individuals into divulging sensitive information. Fake websites mimicking legitimate platforms like email providers or social media are commonly used to collect credentials, credit card numbers, or other personal data. Candidates should elaborate on anti-phishing measures, including email filters, domain-based message authentication (such as SPF, DKIM, and DMARC), staff training, and incident response procedures. They might also discuss browser-based protections and the importance of user vigilance in identifying red flags, such as unusual URLs or unexpected attachment requests. Demonstrating how one has trained users to identify and report phishing attempts or implemented protective policies in a prior role can further solidify the response."
217,What is a Network Intrusion Detection System (NIDS)?,"NIDS is designed to monitor network traffic for suspicious activities or policy violations. It analyzes packets as they travel across the network and flags any traffic that matches predefined attack signatures or unusual behavioral patterns. Interviewees should differentiate between signature-based detection, which relies on known attack patterns, and anomaly-based detection, which identifies deviations from normal behavior. Tools like Snort, Suricata, and Zeek are commonly used in enterprise environments. Understanding how to tune NIDS for performance and accuracy—by reducing false positives and improving threat intelligence feeds—is often a key skill required in a cybersecurity operations center."
218,How can one prevent attacks on web servers?,"Preventive techniques include: Patch management, to fix known vulnerabilities Disabling unused services, reducing the attack surface Removing default accounts, preventing unauthorized access Disabling remote administration, especially over insecure channels Monitoring access logs, to detect early signs of intrusion Implementing a Web Application Firewall (WAF), to filter malicious traffic."
219,What is HIDS?,"HIDS captures snapshots of the current system state and compares them to previous states to detect unauthorized changes. For instance, if a sensitive configuration file has been altered or deleted, HIDS will trigger an alert. Unlike NIDS, which monitors traffic across the network, HIDS focuses on system files, registry keys, and application logs. Examples of HIDS tools include OSSEC, Tripwire, and AIDE."
220,What are the core attributes of security testing?,"There are seven primary attributes: Authentication - confirming identity before granting access Authorization - defining what actions users can perform Confidentiality - ensuring that data is not disclosed to unauthorized entities Integrity - protecting data from unauthorized modification Availability - ensuring systems remain accessible to authorized users Non-repudiation - ensuring actions are traceable to a particular entity Resilience - the ability to recover from attacks and continue operations Candidates should connect these attributes to real-world testing strategies like penetration tests, vulnerability scans, red teaming, and risk assessments."
221,What would you do if you received a suspicious email that appeared to be from your company's CEO?,"Report the incident to the security operations team, avoid engagement with the email, and perhaps verify the communication through another channel."
222,explain the main types of security testing,"three primary approaches: White Box Testing: Testers have full access to source code, network architecture, and documentation. This method helps identify vulnerabilities in a detailed manner and is often used for internal assessments or secure software development. Black Box Testing: The testers have no prior knowledge of the system. This method simulates an external attack to find exploitable weaknesses. It closely mirrors the perspective of a real-world attacker. Grey Box Testing: A hybrid approach where the tester has partial knowledge of the system. It combines the structure of white box testing with the unpredictability of black box testing, making it ideal for evaluating internal and external security."
223,What is Traceroute and How is it Used?,"Traceroute, also known as tracert in Windows systems, is a diagnostic tool used to trace the path that a packet of information takes from its source to a specific destination across an IP network. It's one of the most effective utilities used by network administrators and cybersecurity professionals to identify bottlenecks, failures, and anomalies in network routing. At its core, traceroute operates by sending out a series of packets to the destination, each with incrementally increasing Time-To-Live (TTL) values. TTL is a parameter in the packet's header that defines how many hops (routers) the packet can pass through before being discarded. Each router that handles the packet reduces the TTL by one, and if it reaches zero, the router returns an ICMP ""Time Exceeded"" message to the source. Here's how it works in practice: The first packet is sent with a TTL of 1. The first router along the path receives it, decrements the TTL to 0, and drops the packet, sending back an ICMP error message to the sender. The second packet is sent with a TTL of 2, reaching the second router before being dropped. This process continues until the packet reaches the final destination, which replies with a standard response (such as an ICMP Echo Reply). By analyzing the returned ICMP messages, traceroute maps out each router that handles the packet on its journey. The time it takes for each response to return is recorded, providing insight into latency at each hop."
224,What is traceroute applications in Cybersecurity and Network Analysis?,"While often perceived as a simple tool, traceroute holds significant value in both troubleshooting and security analysis: Diagnosing Routing Failures: If there's a failure in network connectivity, traceroute helps pinpoint where the disruption is occurring—be it within a local network, an ISP's infrastructure, or a remote host's firewall configuration. Detecting Packet Filtering or Blocking: Some routers or firewalls might block ICMP responses or UDP packets. By identifying where packets stop being returned, a cybersecurity professional can deduce potential blocking points or misconfigurations in security policies. Understanding Network Topology: In large enterprise environments, understanding the routing path is crucial. Traceroute reveals how traffic is routed internally and externally, which can aid in optimizing performance and strengthening defense strategies. Identifying Man-in-the-Middle (MITM) Attempts: If a known route suddenly changes or an unknown IP appears as an intermediary hop, it may indicate tampering or the presence of a malicious actor intercepting traffic."
225,What are limitations of traceroute?,"Despite its usefulness, traceroute does come with certain limitations: Packet Loss Doesn't Always Indicate a Problem: Some routers are configured to deprioritize or drop ICMP packets, especially under load. This can result in perceived latency or packet loss that doesn't actually affect real traffic. Load Balancing Can Obscure Results: Many modern networks use equal-cost multi-path (ECMP) routing. As a result, packets from traceroute might take different paths, showing inconsistent hops, which can confuse less experienced users. Firewalls May Block Probes: Security devices along the path might block ICMP or UDP traceroute packets, rendering the results incomplete. This is especially true when tracing routes through hardened, production environments."
226,What are traceroute variants?,"Different operating systems and tools implement traceroute using different protocols: ICMP-based Traceroute: Common in Windows (tracert), this sends ICMP Echo Request packets. UDP-based Traceroute: Used in Unix/Linux systems by default, it sends UDP packets to high-numbered ports. TCP-based Traceroute: This is more firewall-friendly as it mimics actual connection attempts (e.g., to port 80), and is useful when ICMP is filtered. Tools like MTR (My Traceroute) combine ping and traceroute functionality to provide a continuous view of network performance, helping professionals spot intermittent issues more accurately."
227,What are Best Practices for Using Traceroute?,"Use traceroute from different geographic locations to compare routing behavior. Combine traceroute with tools like ping, dig, or whois for more context. Document baseline routes to identify future anomalies or changes. For persistent issues, compare traceroute data with network logs and IDS alerts. By mastering traceroute and understanding its strengths and caveats, cybersecurity professionals gain a powerful ally in network diagnostics, threat detection, and performance optimization. Whether you're tracking a latency issue, confirming path integrity, or investigating suspicious detours in traffic flow, traceroute offers the clarity needed to act decisively."
228,How would you secure a Linux server?,"A strong response includes a three-step process: Auditing - Evaluate the current configuration, users, services, and permissions using tools like Lynis or OpenSCAP. Hardening - Disable unnecessary services, apply security patches, configure firewall rules (iptables or fire walld), implement SELinux or AppArmor, and enforce strong authentication policies. Compliance - Ensure the system meets industry standards like CIS Benchmarks, HIPAA, or PCI-DSS depending on the sector."
229,What is salting in password protection?,"Salting involves adding a random string (salt) to each user password before hashing it. This ensures that identical passwords do not result in the same hash, effectively thwarting dictionary attacks and precomputed hash attacks using rainbow tables."
230,What are the components that make Secure Sockets Layer (SSL) function effectively?,Handshake Protocol - Establishes session parameters and exchanges cryptographic keys Encryption Algorithms - Determines how data is securely transmitted Change Cipher Spec Protocol - Signals the transition to the newly agreed-upon cipher SSL Record Protocol - Manages the encapsulation and transmission of application data
231,What is WEP Cracking?,"WEP cracking involves exploiting vulnerabilities in the Wired Equivalent Privacy protocol used in older Wi-Fi networks. Due to weak key management and predictable initialization vectors, WEP is highly susceptible to attacks using tools like Aircrack-ng or Kismet. A knowledgeable professional should advise against using WEP altogether and suggest alternatives like WPA2 or WPA3 for securing wireless communications."
232,Explain the parameters that define an SSL session,"Key parameters include: Session Identifier - Uniquely identifies the session Cipher Specification - Defines the encryption algorithm and key sizes Compression Method - Describes how data is compressed before encryption Peer Certificate - Confirms the identity of the parties involved Master Secret - Shared secret derived during the handshake, used to generate keys"
233,How would you secure your home wireless network?,"Key measures include: Disabling SSID broadcasting, making the network less visible to casual scanners Enabling WPA2 or WPA3 encryption, using a strong passphrase MAC address filtering, allowing only approved devices to connect Disabling WPS (Wi-Fi Protected Setup), which can be exploited Regular firmware updates, to patch vulnerabilities in the router's software"
234,What is the CIA Triad?,"The CIA Triad stands for Confidentiality, Integrity, and Availability. It's the foundation of information security: Confidentiality: Ensuring only authorized users can access data. Integrity: Ensuring data hasn't been tampered with. Availability: Ensuring services/data are available when needed."
235,"What's the difference between a vulnerability, threat, and risk?","ulnerability: A weakness (e.g., SQLi in login form). Threat: A potential attacker or event (e.g., hacker). Risk: Likelihood and impact of exploitation.Think: Vulnerability + Threat = Risk."
236,Explain Symmetric vs Asymmetric Encryption.,"Symmetric: One key used for encryption/decryption (e.g., AES). Asymmetric: Public & private key pair (e.g., RSA, ECC). Used in SSL/TLS handshakes and digital signatures."
237,How does HTTPS work? What's involved in the TLS handshake?,"Client sends ""Hello"" with supported ciphers. Server sends certificate + chosen cipher. Keys are exchanged (RSA/Diffie-Hellman). Session key is generated, encrypted traffic begins."
238,What is a Zero-Day vulnerability?,A zero-day is a flaw unknown to the vendor — with no patch available. It's often sold on darknet markets and used in APT attacks.
239,Walk through the phases of a penetration test.,"Reconnaissance Scanning & Enumeration Exploitation Post-Exploitation Reporting Tools: Nmap, Gobuster, Burp Suite, Metasploit"
240,What tools do you use during recon?,"Passive Recon: Whois, Shodan, Google Dorking Active Recon: Nmap, Sublist3r, Amass, DNSenum OSINT: theHarvester, SpiderFoot"
241,How do you perform subdomain enumeration?,"Use tools like: Subfinder Assetfinder Amass Google Dork: site:*.target.com Then verify with dig, nslookup, or httpx"
242,What's the difference between automated and manual scanning?,"Automated: Tools like Nessus, OpenVAS, Burp Scanner Manual: Custom payloads, logic testing, bypass techniques Manual is more accurate for business logic bugs."
243,How do you exploit SQL Injection?,Using tools like: SQLmap for automated exploitation Manual testing in Burp Suite
244,What is XSS and how do you prevent it?,"Cross-Site Scripting (XSS) allows attackers to run scripts in user browsers. Prevent: Input sanitization, output encoding (CSP headers help too)."
245,What is CSRF? How do you test and prevent it?,"Cross-Site Request Forgery (CSRF) tricks a logged-in user into performing unintended actions. Prevent: Anti-CSRF tokens, SameSite cookies, referer checking."
246,What are HTTP Security Headers?,Common headers: Content-Security-Policy X-Frame-Options Strict-Transport-Security X-XSS-Protection Referrer-Policy
247,What is Broken Access Control?,"Occurs when users can access unauthorized functions/data. Test: Change user_id=1 to user_id=2 Try accessing admin panels Tools: Burp Repeater, Autorize"
248,What is Insecure Deserialization?,"Attackers modify serialized objects to execute malicious code. Languages: PHP, Java, Python (Pickle)"
249,How does a TCP 3-Way Handshake work?,SYN (client → server) SYN-ACK (server → client) ACK (client → server) Essential for connection-oriented communication.
250,IDS vs IPS?,"IDS: Intrusion Detection System (detect only) IPS: Intrusion Prevention System (detect & block) Snort, Suricata (IDS), Cisco Firepower (IPS)"
251,How are Nmap and Wireshark used in pentesting?,"Nmap: Port scanning, OS detection, service enumeration. Wireshark: Capturing and analyzing packets. Great for password sniffing on HTTP."
252,What is a Reverse Shell?,A shell where the attacker gets control after victim connects back.
253,How do you bypass 403/401 in web pentesting?,"Add headers: X-Original-URL: /admin X-Forwarded-For: 127.0.0.1 Change HTTP verbs: POST → GET Add directory slashes, dots: /admin/./, /admin%2f"
254,How do you stay updated on the latest cybersecurity threats and vulnerabilities?,Subscribe to cybersecurity newsletters and blogs. Participate in industry conferences and webinars. Engage with professional cybersecurity communities and forums.
255,How do you assess the security posture of a third-party vendor before engaging with them?,Review vendor's security policies and compliance certifications. Conduct thorough risk assessments and vulnerability scans. Request and evaluate third-party audit reports and security questionnaires.
256,What is the role of a security analyst in an organization?,"A security analyst is responsible for designing, implementing, and maintaining an organization's security infrastructure to protect its digital assets from threats and vulnerabilities."
257,What are the three primary goals of security?,"The three primary goals of security are confidentiality, integrity, and availability (CIA)."
258,"What is the difference between a threat, vulnerability, and risk?","A threat is a potential attack on an organization's assets, a vulnerability is a weakness in a system that can be exploited, and a risk is the likelihood and potential impact of a threat exploiting a vulnerability."
259,What is a security incident response plan?,"A security incident response plan is a set of procedures that outline how an organization will respond to a security incident, such as a data breach or ransomware attack."
260,What is the difference between a security policy and a security procedure?,"A security policy is a high-level document that outlines an organization's security objectives and requirements, while a security procedure is a detailed step-by-step guide on how to implement a specific security policy."
261,What is NIST?,"NIST (National Institute of Standards and Technology) is a non-regulatory agency of the US government that provides guidelines, standards, and best practices for information security."
262,What is the NIST Cybersecurity Framework?,The NIST Cybersecurity Framework is a voluntary framework that provides guidelines and best practices for managing and reducing cybersecurity risk.
263,What is a vulnerability scan?,A vulnerability scan is an automated process that identifies potential vulnerabilities in a system or network.
264,What is penetration testing?,Penetration testing is a simulated cyber attack on a system or network to test its defences and identify potential vulnerabilities.
265,"What is the difference between a black box, grey box, and white box test?","A black box test is a penetration test where the tester does not know the system or network, a grey box test is a penetration test where the tester has partial knowledge of the system or network, and a white box test is a penetration test where the tester has full knowledge of the system or network."
266,What is a firewall?,A firewall is a network security system that monitors and controls incoming and outgoing network traffic based on predetermined security rules.
267,What is a DMZ?,"A DMZ (Demilitarized Zone) is a network segment that separates the Internet from an internal network, providing an additional layer of security."
268,What is a VPN?,A VPN (Virtual Private Network) is a technology that allows users to securely connect to a network over the Internet.
269,What is encryption?,Encryption is the process of converting plaintext data into unreadable ciphertext data to protect it from unauthorized access.
270,What is decryption?,Decryption is the process of converting ciphertext data back into plaintext data.
271,What is a public key infrastructure (PKI)?,"A PKI is a system that enables the creation, management, and distribution of public-private key pairs for secure communication."
272,What is a certificate authority (CA)?,"A CA is an entity that issues digital certificates to verify the identity of individuals, organizations, or devices."
273,What is a digital signature?,A digital signature is a cryptographic mechanism that verifies the authenticity and integrity of a message or document.
274,What is a hash function?,"A hash function is a mathematical function that takes input data of any size and produces a fixed-size string of characters, known as a message digest."
275,What is SSL/TLS?,SSL/TLS (Secure Sockets Layer/Transport Layer Security) is a cryptographic protocol that provides secure communication between a client and a server.
276,What is HTTPS?,HTTPS (Hypertext Transfer Protocol Secure) is a secure communication protocol that combines HTTP with SSL/TLS to provide secure communication between a client and a server.
277,What is a security information and event management (SIEM) system?,"A SIEM system is a solution that collects, monitors, and analyzes log data from various sources to provide real-time insights into security threats."
278,What is threat intelligence?,"Threat intelligence is the process of gathering, analyzing, and sharing information about potential security threats to improve incident response and threat prevention."
279,What is a security operations centre (SOC)?,A SOC is a centralized unit that monitors and responds to security incidents in real time.
280,What is incident response?,"Incident response is a systematic approach to identifying, containing, and mitigating the impact of a security incident."
281,What is a disaster recovery plan?,A disaster recovery plan is a set of procedures that outline how an organization will recover from a disaster or major outage.
282,What is a business continuity plan?,A business continuity plan is a set of procedures that outline how an organization will continue to operate during a disaster or major outage.
283,What is a risk assessment?,"A risk assessment is a systematic process of identifying, evaluating, and prioritizing potential security risks."
284,What is a vulnerability assessment?,A vulnerability assessment is a systematic process of identifying and evaluating potential vulnerabilities in a system or network.
285,What is a compliance audit?,A compliance audit is an independent examination and evaluation of an organization's security controls to ensure they meet regulatory or industry standards.
286,What is HIPAA?,HIPAA (Health Insurance Portability and Accountability Act) is a US law that governs the protection of sensitive health information.
287,What is PCI-DSS?,PCI-DSS (Payment Card Industry Data Security Standard) is a set of security standards for organizations that handle credit card information.
288,What is GDPR?,GDPR (General Data Protection Regulation) is a European Union law that governs the protection of personal data.
289,What is a security awareness program?,A security awareness program is a systematic approach to educating employees about security best practices and risks.
290,What is phishing?,Phishing is a social engineering attack that uses email or messaging to trick individuals into revealing sensitive information.
291,What is social engineering?,Social engineering is a type of attack that uses psychological manipulation to trick individuals into revealing sensitive information.
292,What is a zero-day exploit?,A zero-day exploit is a previously unknown vulnerability that is exploited by an attacker before a patch or fix is available.
293,What is a buffer overflow?,"A buffer overflow is a type of vulnerability that occurs when more data is written to a buffer than it can hold, allowing an attacker to execute malicious code."
294,What is SQL injection?,SQL injection is a type of vulnerability that occurs when an attacker injects malicious SQL code to extract or modify sensitive data.
295,What is cross-site scripting (XSS)?,XSS is a type of vulnerability that occurs when an attacker injects malicious code into a website to steal user data or take control of the user's session.
296,What is a denial of service (DoS) attack?,A DoS attack is a type of attack that attempts to make a system or network unavailable by flooding it with traffic.
297,What is a distributed denial of service (DDoS) attack?,A DDoS attack is a type of attack that uses multiple compromised systems to flood a system or network with traffic.
298,What is a man-in-the-middle (MITM) attack?,A MitM attack is a type of attack that occurs when an attacker intercepts communication between two parties to steal or modify data.
299,What is a Trojan horse?,A Trojan horse is a type of malware that disguises itself as legitimate software to gain unauthorized access to a system.
300,What is ransomware?,Ransomware is a type of malware that encrypts files and demands payment in exchange for the decryption key.
301,What is a botnet?,"A botnet is a network of compromised systems that can be controlled remotely to conduct DDoS attacks, send spam, or steal sensitive information."
302,What is a worm?,A worm is a type of malware that replicates itself to spread to other systems without the need for human interaction.
303,What is a virus?,A virus is a type of malware that attaches itself to a program or file to replicate itself and spread to other systems.
304,What is a rootkit?,A rootkit is a type of malware that hides itself and other malicious programs from the operating system and security software.
305,What is a logic bomb?,A logic bomb is a type of malware that is designed to execute malicious code when a specific condition is met.
306,What is a spyware?,Spyware is a type of malware that monitors user activity and steals sensitive information without their knowledge or consent.
307,What is adware?,Adware is a type of malware that displays unwanted advertisements on a system.
308,What is a keylogger?,A keylogger is a type of malware that records user keystrokes to steal sensitive information such as passwords and credit card numbers.
309,What is a backdoor?,A backdoor is a type of malware that provides unauthorized access to a system or network.
310,What is a digital certificate?,"A digital certificate is an electronic document that verifies the identity of an individual, organization, or device."
311,What is a public key?,A public key is a cryptographic key that is used to encrypt data that can only be decrypted with a corresponding private key.
312,What is a private key?,A private key is a cryptographic key that is used to decrypt data that was encrypted with a corresponding public key.
313,What is a hybrid cloud?,A hybrid cloud is a cloud computing environment that combines on-premises infrastructure with public cloud services.
314,What is a cloud security gateway?,A cloud security gateway is a security solution that monitors and controls traffic between a cloud service and the Internet.
315,What is a cloud access security broker (CASB)?,A CASB is a security solution that monitors and controls cloud service usage to detect and prevent security threats.
316,"What is a security orchestration, automation, and response (SOAR) solution?",A SOAR solution is a security solution that automates and streamlines incident response processes to improve efficiency and effectiveness.
317,What is a managed security service provider (MSSP)?,"An MSSP is a third-party provider that offers security services, such as monitoring and incident response, to customers."
318,What is a security incident response team (SIRT)?,A SIRT is a team of security professionals that responds to security incidents to contain and mitigate the impact of the incident.
319,What is a security operations centre (SOC) as a service?,A SOC as a service is a managed security service that provides 24/7 security monitoring and incident response to customers.
320,What is compliance as a service?,Compliance as a service is a managed service that helps organizations comply with regulatory requirements and industry standards.
321,What is penetration testing as a service?,Penetration testing as a service is a managed service that provides recurring penetration testing to identify vulnerabilities and improve security posture.
322,What is vulnerability management as a service?,"Vulnerability management as a service is a managed service that identifies and prioritizes vulnerabilities, provides remediation guidance, and tracks progress."
323,What is threat intelligence as a service?,Threat intelligence as a service is a managed service that provides real-time threat intelligence feeds to help organizations improve their incident response and threat prevention capabilities.
324,What is a security awareness training as a service?,Security awareness training as a service is a managed service that provides regular security awareness training to employees to improve their security knowledge and behaviours.
325,What is a cloud workload protection platform (CWPP)?,A CWPP is a security solution that protects cloud-native applications and workloads.
326,What is a cloud security posture management (CSPM)?,A CSPM is a security solution that provides visibility and control over cloud security posture to identify and remediate security risks.
328,What is cloud infrastructure entitlement management (CIEM)?,A CIEM is a security solution that provides visibility and control over cloud infrastructure entitlements to prevent privilege escalation and reduce the attack surface.
329,What is cloud-based security information and event management (SIEM)?,"A cloud-based SIEM is a security solution that collects, monitors, and analyzes log data from cloud and on-premises sources to provide real-time insights into security threats."
330,"What is a cloud-based security orchestration, automation, and response (SOAR)?",A cloud-based SOAR is a security solution that automates and streamlines incident response processes to improve efficiency and effectiveness.
331,What is a cloud-based managed security service provider (MSSP)?,"A cloud-based MSSP is a third-party provider that offers cloud-based security services, such as monitoring and incident response, to customers."
332,What is a cloud-based security incident response team (SIRT)?,A cloud-based SIRT is a team of security professionals that responds to security incidents in cloud environments to contain and mitigate the impact of the incident.
333,What is a cloud-based security operations centre (SOC)?,A cloud-based SOC is a centralized unit that monitors and responds to security incidents in cloud environments in real time.
334,What is cloud-based cloud security monitoring?,Cloud-based cloud security monitoring is a solution that provides real-time visibility into cloud security threats and risks
335,What is a cloud-based vulnerability management system?,"A cloud-based vulnerability management system is a solution that identifies, classifies, and prioritizes vulnerabilities in cloud-based systems and applications."
336,What is a cloud-based threat intelligence platform?,A cloud-based threat intelligence platform is a solution that provides real-time threat intelligence feeds to help organizations improve their incident response and threat prevention capabilities.
337,What is a cloud-based security awareness training program?,A cloud-based security awareness training program is a solution that provides regular security awareness training to employees to improve their security knowledge and behaviours.
338,What is a cloud-based incident response playbook?,A cloud-based incident response playbook is a pre-defined set of procedures and guidelines for responding to security incidents in cloud environments.
339,What are cloud-based security metrics and reporting?,"Cloud-based security metrics and reporting is a solution that provides real-time visibility into cloud security posture, risk, and compliance."
340,What is cloud-based compliance and risk management?,Cloud-based compliance and risk management is a solution that helps organizations manage risk and comply with regulatory requirements in cloud environments.
341,What is a cloud-based identity and access management (IAM)?,"Cloud-based IAM is a solution that manages identities, access, and privileges in cloud environments to prevent unauthorized access and data breaches."
342,What is a cloud-based single sign-on (SSO)?,Cloud-based SSO is a solution that allows users to access multiple cloud-based applications and services with a single set of login credentials.
343,What is a cloud-based multi-factor authentication (MFA)?,Cloud-based MFA is a solution that adds a layer of security to the authentication process by requiring users to provide additional verification factors.
344,What is a cloud-based encryption?,Cloud-based encryption is a solution that protects data in transit and at rest in cloud environments using advanced encryption algorithms.
345,What is cloud-based key management?,Cloud-based key management is a solution that securely manages encryption keys in cloud environments to prevent unauthorized access to encrypted data.
346,What is a cloud-based data loss prevention (DLP)?,Cloud-based DLP is a solution that monitors and controls data in cloud environments to prevent unauthorized data exfiltration and data breaches.
347,What is a cloud-based cloud access security broker (CASB)?,Cloud-based CASB is a solution that monitors and controls cloud service usage to detect and prevent security threats.
348,What is a cloud-based cloud workload protection platform (CWPP)?,Cloud-based CWPP is a solution that protects cloud-native applications and workloads.
349,What is a cloud-based cloud security posture management (CSPM)?,Cloud-based CSPM is a solution that provides visibility and control over cloud security posture to identify and remediate security risks.
350,What is a cloud-based cloud infrastructure entitlement management (CIEM)?,Cloud-based CIEM is a solution that provides visibility and control over cloud infrastructure entitlements to prevent privilege escalation and reduce the attack surface.
351,What is a cloud-based cloud security governance?,Cloud-based cloud security governance is a solution that provides a framework for managing cloud security risks and compliance across an organization.
352,What is cloud-based cloud risk management?,"Cloud-based cloud risk management is a solution that identifies, assesses, and prioritizes cloud security risks to inform business decisions."
353,What is cloud-based cloud compliance management?,Cloud-based cloud compliance management is a solution that helps organizations manage compliance with regulatory requirements in cloud environments.
354,What is cloud-based cloud audit management?,Cloud-based cloud audit management is a solution that provides a framework for managing cloud security audits and assessments.
355,What is cloud-based cloud security analytics?,"Cloud-based cloud security analytics is a solution that provides real-time insights into cloud security threats and risks using advanced analytics and machine learning. With the help of these top 100 security analyst interview questions and answers , you will be ready to face any interview and prove that you are the most suitable candidate for the position of security analyst, risk manager, or threat prevention. Rehearse your answers and make sure you can describe instances from your previous experiences. Good luck"
356,What are the common Cyberattacks?,"Some basic Cyber attacks are as follows: -Phishing: Phishing is the fraudulent practice of sending spam emails by impersonating legitimate sources. -Social Engineering Attacks: Social engineering attacks can take many forms and can be carried out anywhere human collaboration is required. -Ransomware: Ransomware is documented encryption programming that uses special cryptographic calculations to encrypt records in a targeted framework. -Cryptocurrency Hijacking: As digital currencies and mining become more popular, so do cybercriminals. They have found an evil advantage in cryptocurrency mining, which involves complex calculations to mine virtual currencies such as Bitcoin, Ethereum, Monero, and Litecoin. -Botnet Attacks: Botnet attacks often target large organizations and entities that obtain vast amounts of information. This attack allows programmers to control countless devices in exchange for cunning intent."
357,What are the elements of cyber security?,"There are various elements of cyber security as given below: -Application Security: Application security is the most important core component of cyber security , adding security highlights to applications during the improvement period to defend against cyber attacks. -Information Security: Information security is a component of cyber security that describes how information is protected against unauthorized access, use, disclosure, disruption, alteration, or deletion. -Network Security: Network security is the security provided to a network from unauthorized access and threats. It is the network administrator's responsibility to take precautions to protect the network from potential security threats. Network security is another element of IT security, the method of defending and preventing unauthorized access to computer networks. -Disaster Recovery Planning: A plan that describes the continuity of work after a disaster quickly and efficiently is known as a disaster recovery plan or business continuity plan. A disaster recovery methodology should start at the business level and identify applications that are generally critical to carrying out the association's activities. -Operational Security: In order to protect sensitive data from a variety of threats, the process of allowing administrators to see activity from a hacker's perspective is called operational security (OPSEC)n or procedural security. -End User Education: End-user training is the most important component of computer security. End users are becoming the number one security threat to any organization because they can happen at any time. One of the major errors that lead to information corruption is human error. Associations must prepare their employees for cyber security."
358,Define DNS?,"The Domain Name System (DNS) translates domain names into IP addresses that browsers use to load web pages. Every device connected to the Internet has its own IP address , which other devices use to identify it in simple language, we can say that DNS Defines the Service of the network."
359,What is a Firewall?,"A firewall is a hardware or software-based network security device that monitors all incoming and outgoing traffic and accepts, denies, or drops that particular traffic based on a defined set of security rules."
360,What is a VPN?,"VPN stands for Virtual Private Network. A virtual private network (VPN) is a technology that creates a secure, encrypted connection over an insecure network like the Internet. A virtual private network is a method of extending a private network using a public network such as the Internet. The name only indicates that it is a virtual ""private network"". A user may be part of a local area network at a remote location. Create a secure connection using a tunnelling protocol."
361,What are the different sources of malware?,"The different sources of malware are given below: -Worms: A worm is basically a type of malicious malware that spreads rapidly from one computer to another via email and file sharing. Worms do not require host software or code to execute. -Spyware: Spyware is basically a type of malicious malware that runs in the background of your computer, steals all your sensitive data, and reports this data to remote attackers. -Ransomware: Ransomware is used as malware to extort money from users for ransom by gaining unauthorized access to sensitive user information and demanding payment to delete or return that information from the user. -Virus: A virus is a type of malicious malware that comes as an attachment with a file or program. Viruses usually spread from one program to another program, and they will run only when the host file gets executed. The virus can only cause damage to the computer until the host file runs. -Trojan: Trojans are malicious, non-replicating malware that often degrades computer performance and efficiency. Trojans have the ability to leak sensitive user information and modify and delete this data. -Adware: Adware is another type of malware that tracks the usage of various types of programs and files on your computer and displays personalized ad recommendations based on your usage history."
362,How does email work?,"When a sender uses an e-mail program to send an e-mail, it is redirected to a simple e-mail transfer protocol. In this protocol, the recipient's email address belongs to a different domain name or the same domain name as the sender (Gmail, Outlook, etc.). After that, the e-mail will be stored on the server, and later he will send it using the POP or IMAP protocol. Then, if the recipient has a different domain name address, the SMTP protocol communicates with the DNS (Domain Name Server) for the different addresses that the recipient uses. Then the sender's SMTP communicates with the receiver's SMTP, and the receiver's SMTP performs the communication. This way the email is delivered to the recipient's SMTP. If certain network traffic issues prevent both the sender's SMTP and the recipient's SMTP from communicating with each other, outgoing emails will be queued at the recipient's SMTP and finally to be received by the recipient. Also, if a message stays in the queue for too long due to terrible circumstances, the message will be returned to the sender as undelivered."
363,What is the difference between active and passive cyber attacks?,"-Active Cyber Attack: An active attack is a type of attack in which the attacker modifies or attempts to modify the content of the message. Active attacks are a threat to integrity and availability. Active attacks can constantly corrupt the system and modify system resources. Most importantly, if there is an active attack, the victim is notified of the attack. -Passive Cyber Attack: A passive attack is a type of attack in which the attacker observes the message content or copies the message content. Passive attacks are a threat to confidentiality. Since it is a passive attack, there is no damage to the system. Most importantly, when attacking passively, the victim is not notified of the attack."
364,What is a social engineering attack?,"Social engineering is the act of manipulating individuals to take actions that may or may not be in the best interests of the ""target"". This may include obtaining information, obtaining access, or obtaining a goal to perform a particular action. It has the ability to manipulate and deceive people. A phone call accompanied by a survey or a quick internet search can bring up dates of birthdays and anniversaries and arm you with that information. This information is enough to create a password attack list."
365,Who are black hat hackers and white hat hackers?,-White Hat Hacker: A white hat hacker is a certified or certified hacker who works for governments and organizations by conducting penetration tests and identifying cybersecurity gaps. It also guarantees protection from malicious cybercrime. -Black Hat Hackers: They are often called crackers. Black hat hackers can gain unauthorized access to your system and destroy your important data. The attack method uses common hacking techniques learned earlier. They are considered criminals and are easy to identify because of their malicious behavior.
366,Define encryption and decryption?,"Encryption is the process of transforming an ordinary message (plaintext) into a meaningless message (ciphertext). Decryption is the process of transforming a meaningless message (ciphertext) into its original form (plaintext). The main difference between covert writing and covert writing is that it converts the message into a cryptic format that cannot be deciphered unless the message is decrypted. Covert writing, on the other hand, is reconstructing the original message from the encrypted information."
367,What is the difference between plaintext and cleartext?,The plaintext is not encrypted at all and cannot be considered encrypted and Clear text is a text sent or stored that has not been encrypted and was not intended to be encrypted. So you don't need to decrypt to see the plaintext. In its simplest form.
368,What is a block cipher?,Block Cipher Converts plaintext to ciphertext using one block of plaintext at a time. Use 64-bit or 64-bit or greater. The complexity of block ciphers is simple. The algorithm modes used in block ciphers are ECB (Electronic Code Book) and CBC (Cipher Block Chaining).
369,What is the CIA triangle?,"When it comes to network security, the CIA Triad is one of the most important models developed to guide information security policy within an organization. CIA stands for: -Confidentiality -Integrity -availability"
370,What is the Three-way handshake?,"TCP uses a three-way handshake to establish reliable connections. The connection is full-duplex, with synchronization (SYN) and acknowledgment (ACK) on both sides. The exchange of these four flags is done in three steps: SYN, SYN to ACK, and ACK."
371,How can identity theft be prevented?,"Steps to prevent identity theft: -Use a strong password and don't share her PIN with anyone on or off the phone. -Use two-factor notifications for email. Protect all your devices with one password. -Do not install software from the Internet. Do not post confidential information on social media. -When entering a password with a payment gateway, check its authenticity. -Limit the personal data you run. Get in the habit of changing your PIN and password regularly. -Do not give out your information over the phone."
372,What are some common Hashing functions?,"The hash function is a function that converts a specific numerical key or alphanumeric key into a small practical integer value. The mapped integer value is used as an index for hash tables. Simply put, a hash function maps any valid number or string to a small integer that can be used as an index into a hash table. The types of Hash functions are given below: -Division Method. -Mid Square Method. -Folding Method. -Multiplication Method."
373,What do you mean by two-factor authentication?,Two-factor authentication refers to using any two independent methods from a variety of authentication methods. Two-factor authentication is used to ensure users have access to secure systems and to enhance security. Two-factor authentication was first implemented for laptops due to the basic security needs of mobile computing. Two-factor authentication makes it more difficult for unauthorized users to use mobile devices to access secure data and systems.
374,What does XSS stand for? How can it be prevented?,"Cross-site scripting (XSS) is a vulnerability in web applications that allows third parties to execute scripts on behalf of the web application in the user's browser. Cross-site scripting is one of the most prevalent security vulnerabilities on the Internet today. Exploiting her XSS against users can have a variety of consequences, including Account compromise, account deletion, privilege escalation, malware infection, etc. Effective prevention of XSS vulnerabilities requires a combination of the following countermeasures: -Filter entrance on arrival. As user input comes in, filter expected or valid input as closely as possible. Encode the data on output. When user-controllable data is emitted in an HTTP response, encode the output so that it is not interpreted as active content. -Depending on the output context, it may be necessary to apply a combination of HTML, URL, JavaScript, and CSS encoding. Use proper response headers. -To prevent XSS in HTTP responses that should not contain HTML or JavaScript, use the Content-Type and X-Content-Type-Options headers to force the browser to interpret the response as intended. Content Security Policy. As a last line of defence, a Content Security Policy (CSP) can be used to mitigate the severity of remaining XSS vulnerabilities."
375,What do you mean by Shoulder Surfing?,"A shoulder surfing attack describes a situation in which an attacker can physically look at a device's screen or keyboard and enter passwords to obtain personal information. Used to - access malware. Similar things can happen from nosy people, leading to an invasion of privacy."
376,Differentiate between Information security and information assurance,"-Information Assurance: It can be described as the practice of protecting and managing risks associated with sensitive information throughout the process of data transmission, processing, and storage. Information assurance primarily focuses on protecting the integrity, availability, authenticity, non-repudiation, and confidentiality of data within a system. This includes physical technology as well as digital data protection. -Information security: on the other hand, is the practice of protecting information by reducing information risk. The purpose is usually to reduce the possibility of unauthorized access or illegal use of the data. Also, destroy, detect, alter, examine, or record any Confidential Information. This includes taking steps to prevent such incidents. The main focus of information security is to provide balanced protection against cyber-attacks and hacking while maintaining data confidentiality, integrity, and availability."
377,What do you mean by System Hardening?,"The attack surface includes all flaws and vulnerabilities that a hacker could use to gain access to your system, such as default passwords, improperly configured firewalls, etc. The idea of ​​system hardening is to make a system more secure by reducing the attack surface present in the design of the system. System hardening is the process of reducing a system's attack surface, thereby making it more robust and secure. This is an integral part of system security practices."
378,Differentiate between spear phishing and phishing,"-Phishing: This is a type of email attack in which an attacker fraudulently attempts to discover a user's sensitive information through electronic communications, pretending to be from a relevant and trusted organization. The emails are carefully crafted by the attackers, targeted to specific groups, and clicking the links installs malicious code on your computer. -Spear phishing: Spear phishing is a type of email attack that targets specific individuals or organizations. In Spear, a phishing attacker tricks a target into clicking a malicious link and installing malicious code, allowing the attacker to obtain sensitive information from the target's system or network."
379,What do you mean by Perfect Forward Secrecy?,"Perfect Forward Secrecy is a style of encryption that creates a temporary exchange of secret keys between the server and client. It is primarily used to call apps, websites, and messaging apps where user privacy is paramount. A new session key is generated each time the user performs an action. This keeps your data uncompromised and safe from attackers. This is separate from special keys. The basic idea behind Perfect Forward Secrecy technology is to generate a new encryption key each time a user initiates a session. So, if only the encryption key is compromised, the conversation is leaked, and if the user's unique key is compromised, the conversation will continue. Encryption keys generated by Perfect Forward Secrecy keep you safe from attackers. Essentially, it provides double protection from attackers."
380,How to prevent MITM?,-Strong WEP/WAP Encryption on Access Points -Strong Router Login Credentials Strong Router Login Credentials -Use Virtual Private Network. Please refer to the article How to Prevent Man In the Middle Attack? to learn more about this topic.
381,What is ransomware?,Ransomware is a type of malware that encrypts data to make it inaccessible to computer users. Cybercriminals use it to extort money from the individuals and organizations that hacked the data and hold the data hostage until a ransom is paid.
382,What is Public Key Infrastructure?,"A Public Key Infrastructure, or PKI, is the governing authority behind the issuance of digital certificates. Protect sensitive data and give users and systems unique identities. Therefore, communication security is ensured. The public key infrastructure uses keys in public-private key pairs to provide security. Public keys are vulnerable to attacks, so maintaining public keys requires a healthy infrastructure."
383,What is Spoofing?,"Spoofing is a type of attack on computing devices in which an attacker attempts to steal the identity of a legitimate user and pretend to be someone else. This type of attack is performed to compromise system security or steal user information. Types of Spoofing: -IP Spoofing: IP is a network protocol that allows messages to be sent and received over the Internet. Her IP address of the sender is included in the message header of all emails sent to her messages (sender address). -ARP Spoofing: ARP spoofing is a hacking technique that redirects network traffic to hackers. Spying on LAN addresses in both wired and wireless LAN networks is called ARP spoofing. -Email Spoofing : Email spoofing is the most common form of identity theft on the Internet. Phishers use official logos and headers to send emails to many addresses impersonating bank, corporate, and law enforcement officials."
384,What are the steps involved in hacking a server or network?,"The following steps must be ensured in order to hack any server or network: -Access your web server. -Use anonymous FTP to access this network to gather more information and scan ports. -Pay attention to file sizes, open ports, and processes running on your system. -Run a few simple commands on your web server like ""clear cache"" or ""delete all files"" to highlight the data stored by the server behind these programs. This helps in obtaining more sensitive information that can be used in application-specific exploits. -Connect to other sites on the same network, such as Facebook and Twitter, so that you can check the deleted data. Access the server using the conversion channel. -Access internal network resources and data to gather more information. -Use Metasploit to gain remote access to these resources."
385,What are the various sniffing tools?,Lists of some main Networking Sniffing Tools: -Auvik -SolarWinds Network Packet Sniffer -Wireshark -Paessler PRTG -ManageEngine NetFlow Analyzer -Tcpdump -WinDump -NetworkMiner
386,What is SQL injection?,"SQL injection is a technique used to exploit user data through web page input by injecting SQL commands as statements. Essentially, these instructions can be used by a malicious user to manipulate her web server for your application. SQL injection is a code injection technique that can corrupt your database. Preventing SQL Injection is given below: -Validation of user input by pre-defining user input length, type, input fields, and authentication. -Restrict user access and determine how much data outsiders can access from your database. Basically, you shouldn't give users permission to access everything in your database. -Do not use system administrator accounts."
387,What is a Distributed Denial of Service attack (DDoS)?,"A denial of service (DoS) is a cyber attack against an individual computer or website aimed at denying service to intended users. Its purpose is to interfere with the organization's network operations by denying her access. Denial of service is usually achieved by flooding the target machine or resource with excessive requests, overloading the system, and preventing some or all legitimate requests from being satisfied."
388,How to avoid ARP poisoning?,"Following are the five ways of avoiding ARP Poisoning attacks: -Static ARP Tables: If you can verify the correct mapping of MAC addresses to IP addresses, half the problem is solved. This is doable but very costly to administer. ARP tables to record all associations and each network change are manually updated in these tables. Currently, it is not practical for an organization to manually update its ARP table on every host. -Switch Security: Most Ethernet switches have features that help mitigate ARP poisoning attacks. Also known as Dynamic ARP Inspection (DAI), these features help validate ARP messages and drop packets that indicate any kind of malicious activity. -Physical Security: A very simple way to mitigate ARP poisoning attacks is to control the physical space of your organization. ARP messages are only routed within the local network. Therefore, an attacker may have physical proximity to the victim's network. -Network Isolation: A well-segmented network is better than a regular network because ARP messages have a range no wider than the local subnet. That way, if an attack were to occur, only parts of the network would be affected and other parts would be safe. Attacks on one subnet do not affect devices on other subnets. -Encryption: Encryption does not help prevent ARP poisoning, but it does help reduce the damage that could be done if an attack were to occur. Credentials are stolen from the network, similar to the MiTM attack."
389,What is a proxy firewall?,"The proxy firewall monitors application-level information using a firewall proxy server. A proxy firewall server creates and runs a process on the firewall that mirrors the services as if they were running on the end host. The application layer has several protocols such as HTTP (a protocol for sending and receiving web pages) and SMTP (a protocol for e-mail messages on the Internet). A proxy server like Web Proxy Server is like a process that mirrors the behavior of the HTTP service. Similarly, the FTP proxy server reflects how his FTP service works. Please refer to the article: What is a Proxy Firewall? to know more."
390,Explain SSL Encryption,"Secure Socket Layer (SSL) provides security for data transferred between web browsers and servers. SSL encrypts the connection between your web server and your browser, keeping all data sent between them private and immune to attack. Secure Socket Layer Protocols: SSL recording protocol."
391,What do you mean by penetration testing?,"Penetration testing is done to find vulnerabilities, malicious content, flaws, and risks. It's done to make the organization's security system defend the IT infrastructure. It is an official procedure that can be deemed helpful and not a harmful attempt. It is part of an ethical hacking process that specifically focuses only on penetrating the information system."
392,What are the risks associated with public Wi-Fi?,"-Malware, Viruses, and Worms. -Rogue Networks. -Unencrypted Connections -Network Snooping. -Log-in Credential Vulnerability. -System Update Alerts. -Session Hijacking."
393,Explain the main difference between Diffie-Hellman and RSA,-Diffie-Hellman (DH) algorithm: It is a key exchange protocol that allows two parties to communicate over a public channel and establish a shared secret without sending it over the Internet. DH allows two people to use their public key to encrypt and decrypt conversations or data using symmetric cryptography. -RSA : It is a type of asymmetric encryption that uses two different linked keys. RSA encryption allows messages to be encrypted with both public and private keys. The opposite key used to encrypt the message is used to decrypt the message.
394,Give some examples of asymmetric encryption algorithms,"Asymmetric key cryptography is based on public and private key cryptography. It uses two different keys to encrypt and decrypt messages. More secure than symmetric key cryptography, but much slower. -You need two keys, a public key, and a private key. One for encryption and one for decryption. -The ciphertext size is equal to or larger than the original plaintext. -Slow encryption process. -Used to transfer small amounts of data. -Provides confidentiality, authenticity, and non-repudiation."
395,Explain social engineering and its attacks,"Social engineering is a hacking technique based on forging someone's identity and using socialization skills to obtain details. There are techniques that combine psychological and marketing skills to influence targeted victims and manipulate them into obtaining sensitive information. The types of social engineering attacks are given below: -Impersonation: This is a smart choice for attackers. This method impersonates organizations, police, banks, and tax authorities. Then they steal money or anything they want from the victim. And the same goes for organizations that obtain information about victims legally through other means. -Phishing: Phishing is like impersonating a well-known website such as Facebook and creating a fake girlfriend website to trick users into providing account credentials and personal information. Most phishing attacks are carried out through social media such as Instagram, Facebook, and Twitter. -Vishing: Technically speaking, this is called ""voice phishing"". In this phishing technique, attackers use their voice and speaking skills to trick users into providing personal information. In general, this is most often done by organizations to capture financial and customer data. -Smithing: Smithing is a method of carrying out attacks, generally through messages. In this method, attackers use their fear and interest in a particular topic to reach out to victims through messages. These topics are linked to further the phishing process and obtaining sensitive information about the target."
396,State the difference between a virus and worm,"-Worms: Worms are similar to viruses, but do not modify the program. It replicates more and more to slow down your computer system. The worm can be controlled with a remote control. The main purpose of worms is to eat up system resources. The 2000 WannaCry ransomware worm exploits the resource-sharing protocol Windows Server Message Block (SMBv1). -Virus: A virus is malicious executable code attached to another executable file that can be harmless or modify or delete data. When a computer program runs with a virus, it performs actions such as B. Delete the file from your computer system. Viruses cannot be controlled remotely. The ILOVEYOU virus spreads through email attachments."
397,Explain the concept of session hijacking,"Session hijacking is a security attack on user sessions over a protected network. The most common method of session hijacking is called IP spoofing, where an attacker uses source-routed IP packets to inject commands into the active communication between two nodes on a network, allowing an authenticated impersonation of one of the users. This type of attack is possible because authentication usually only happens at the beginning of a TCP session. The types of session hijacking are given below: -Packet Sniffing -CSRF (Cross-site Request Forgery) -Cross-site Scripting -IP spoofing"
398,Explain the honeypot and its types,"A honeypot is a networked system that acts as a trap for cyber attackers to detect and investigate hacker tactics and types of attacks. Acting as a potential target on the Internet, it notifies defenders of unauthorized access to information systems. Honeypots are classified based on their deployment and intruder involvement. Based on usage, honeypots are classified as follows: -Research honeypots: Used by researchers to analyze hacking attacks and find different ways to prevent them. -Production Honeypots: Production honeypots are deployed with servers on the production network. These honeypots act as a front-end trap for attackers composed of false information, giving administrators time to fix all vulnerabilities in real systems."
399,What do you mean by a Null Session?,"Null session attacks have existed since Windows 2000 was widely used. However, system administrators do not consider this type of attack when implementing network security measures. This can have unimaginable consequences, as this type of attack allows hackers to obtain all the information they need to access your system remotely. This type of attack is more difficult to execute if the customer is using a newer version of the operating system, but Windows XP and Windows Server 2003 are still the most common."
400,What is IP blocklisting?,IP blacklisting is a method used to block unauthorized or malicious IP addresses from accessing your network. A blacklist is a list of ranges or individual IP addresses to block.
401,What are Polymorphic viruses?,"""Poly"" refers to many and ""morphic"" refers to the shape. Thus, polymorphic viruses, as the name suggests, are complex computer viruses that change shape as they spread in order to avoid detection by antivirus programs. This is a self-encrypting virus that combines a mutation engine with a self-propagating code. A polymorphic virus consists of: -Encrypted virus body mutation engine that generates random decryption routines. -A polymorphic virus has its mutation engine and virus body encrypted. When an infected program is run, a virus decryption routine takes control of the computer and decrypts the virus body and mutation engine. -Control is then passed to the virus to detect new programs to infect. Since the body of the virus is encrypted and the decryption routine varies from infection to infection, virus scanners cannot look for a fixed signature or fixed decryption routine, making detection more difficult."
402,What is a Botnet?,"A botnet (short for ""robot network"") is a network of malware-infected computers under the control of a single attacker known as a ""bot herder"". An individual machine under the control of a bot herder is called a bot. Please refer to the article Botnet in Computer Networks to learn more about this topic."
403,What is an Eavesdropping Attack?,"Eavesdropping occurs when a hacker intercepts, deletes or modifies data sent between two devices. Eavesdropping, also known as sniffing or snooping, relies on unsecured network communications to access data sent between devices."
404,What is the man-in-the-middle attack?,This is a type of cyber attack in which the attacker stays between the two to carry out their mission. The type of function it can perform is to modify the communication between two parties so that both parties feel like they are communicating over a secure network.
405,What is a traceroute? Why is it used?,Traceroute is a widely used command line tool available on almost all operating systems. A complete route to the destination address is displayed. It also shows the time (or delay) between intermediate routers. Uses of traceroute: -It enables us to locate where the data was unable to be sent along -Traceroute helps provide a map of data on the internet from source to destination -It works by sending ICMP (Internet Control Message Protocol) packets. -You can do a visual traceroute to get a visual representation of each hop.
406,What is the difference between HIDS and NIDS?,"-HIDS: This intrusion detection system sees the host itself as a whole world. It can be a computer (PC) or a server that can act as a standalone system and analyze and monitor its own internals. It works by looking at the files/data coming in and out of the host you're working on. It works by taking existing file system snapshots from a previously taken file system and comparing them to each other. If they are the same, it means the host is safe and not under attack, but a change could indicate a potential attack. -NIDS: This system is responsible for installation points across the network and can operate in mixed and hybrid environments. Alerts are triggered when something malicious or anomalous is detected in your network, cloud, or other mixed environments."
407,What is the difference between VA (Vulnerability Assessment) and PT (Penetration Testing)?,"-Penetration testing: This is performed to find vulnerabilities, malicious content, bugs, and risks. Used to set up an organization's security system to protect its IT infrastructure. Penetration testing is also known as penetration testing. This is an official procedure that can be considered helpful, not a harmful attempt. This is part of an ethical hacking process that focuses solely on breaking into information systems. -Vulnerability assessment: It is the technique of finding and measuring (scanning) security vulnerabilities in a particular environment. This is a location-comprehensive evaluation (result analysis) of information security. It is used to identify potential vulnerabilities and provide appropriate mitigations to eliminate them or reduce them below the risk level."
408,What is RSA?,"The RSA algorithm is an asymmetric encryption algorithm. Asymmetric means that it actually works with two different keys. H. Public and Private Keys. As the name suggests, the public key is shared with everyone and the private key remains secret."
409,What is the Blowfish algorithm?,Blowfish is an encryption technique developed by Bruce Schneier in 1993 as an alternative to the DES encryption technique. It is considerably faster than DES and provides excellent encryption speed even though no effective cryptanalysis techniques have been discovered so far. It was one of the first secure block ciphers to be patent-free and therefore freely available to everyone. -Block size: 64 bits -keys: variable size from 32-bit to 448-bit -Number of subkeys: 18 [P array] -Number of rounds: 16 -Number of replacement boxes: 4 [each with 512 entries of 32 bits]
410,What is the difference between a vulnerability and an exploit?,-Vulnerability: A vulnerability is an error in the design or implementation of a system that can be exploited to cause unexpected or undesirable behaviour. There are many ways a computer can become vulnerable to security threats. A common vulnerability is for attackers to exploit system security vulnerabilities to gain access to systems without proper authentication. -Exploit: Exploits are tools that can be used to exploit vulnerabilities. They are created using vulnerabilities. Exploits are often patched by software vendors as soon as they are released. They take the form of software or code that helps control computers and steal network data.
411,"What do you understand by Risk, Vulnerability and threat in a network?","-Cyber threats are malicious acts aimed at stealing or corrupting data or destroying digital networks and systems. A threat can also be defined as the possibility of a successful cyberattack to gain unethical access to sensitive data on a system. -Vulnerabilities in cybersecurity are deficiencies in system designs, security procedures, internal controls, etc. that can be exploited by cybercriminals. In very rare cases, cyber vulnerabilities are the result of cyberattacks rather than network misconfigurations. -Cyber ​​risk is the potential result of loss or damage to assets or data caused by cyber threats. You can't eliminate risk completely, but you can manage it to a level that meets your organization's risk tolerance. Therefore, our goal is not to build a system without risk but to keep the risk as low as possible."
412,Explain Phishing and how to prevent it,"Phishing is a type of cyber attack. The name phishing comes from the word 'phish', which means fish. Placing bait to catch fish is a common phenomenon. Phishing works similarly. Tricking users or victims into clicking on malicious websites is an unethical practice. Here's how to protect your users from phishing attacks. -Download software only from authorized sources -Do not share personal information on unknown links. -Always check website URLs to prevent such attacks. -If you receive an email from a known source, but the email seems suspicious, contact the sender with a new email instead of using the reply option. -Avoid posting personal information such as phone numbers, addresses, etc. on social media. -Monitor compromised websites with malicious content using phishing detection tools. Try to avoid free Wi-Fi."
413,What do you mean by Forward Secrecy and how does it work?,"Forward secrecy is a feature of some key agreement protocols that guarantees that the session keys will remain secure even if the server's private key is compromised. Perfect forward secrecy, also known as PFS, is the term used to describe this. The ""Diffie-Hellman key exchange"" algorithm is employed to achieve this. In conclusion, preparing for network security interview questions is crucial for showcasing your understanding of key topics like encryption, firewalls, malware, and network protocols. Focusing on both theoretical concepts and practical tools can greatly enhance your performance. Stay updated with the latest trends in cybersecurity and practice common interview questions to ensure success in your job interviews. Comment More info K kartik Follow Improve Article Tags : Ethical Hacking Interview Questions Cyber-security Interview-Questions"
414,What is Cybersecurity?,"Cybersecurity is the practice of protecting systems, networks, and programs from cyber threats such as hacking, data breaches, and malware. It involves implementing security measures to defend against unauthorized access, data theft, and potential damage to digital infrastructure."
415,Explain the CIA Triad in Cybersecurity,The CIA Triad is a foundational model in cybersecurity comprising: Confidentiality: Ensuring that sensitive data is accessed only by authorized users. Integrity: Protecting data from being altered or tampered with. Availability: Ensuring authorized users have timely access to information and resources.
416,"What is a Firewall, and how does it work?","A firewall is a network security system that monitors and controls incoming and outgoing traffic based on predetermined security rules. It is a barrier between trusted internal networks and untrusted external networks such as the Internet. Firewalls can be hardware-based, software-based, or a combination of both."
417,"What is Encryption, and why is it important?","Encryption is a security technique that converts plaintext into ciphertext, making it unreadable to unauthorized users. Encryption is important for ensuring data confidentiality and protecting sensitive information during transmission and storage."
418,"What is a VPN, and why is it used?","A Virtual Private Network (VPN) is a secure tunnel that encrypts internet connections, protecting user data from hackers and ensuring privacy. VPNs are used for remote access, securing public Wi-Fi connections, and bypassing geographical restrictions."
419,What is Phishing? How can it be prevented?,"Phishing is a cyber-attack where attackers impersonate trusted entities to trick individuals into divulging sensitive information such as passwords or financial details. Prevention measures include user education, email filtering, and two-factor authentication (2FA)."
420,"Explain the difference between a Virus, Worm, and Trojan Horse",Virus: Attaches itself to legitimate programs and spreads when executed. Worm: Self-replicates and spreads without user intervention. Trojan Horse: Disguised as legitimate software but contains malicious code.
421,What is Two-Factor Authentication (2FA)?,"2FA is a security process requiring two different forms of verification before granting access, such as a password and a one-time code sent to a mobile device."
422,What are the basic steps to secure a computer system?,"Keep software updated, use strong passwords, enable firewalls, install antivirus software, and regularly back up data."
423,Can you name a few leading cybersecurity vendors? What do they do?,"Leading Cybersecurity Vendors: CrowdStrike: Specializes in endpoint protection and threat intelligence using cloud-based solutions. Palo Alto Networks: Provides a wide range of security solutions, including next-gen firewalls, cloud security, and threat intelligence. Fortinet: Offers integrated security solutions such as firewalls, intrusion prevention systems, and secure networking. Symantec (Broadcom): Known for endpoint protection, threat intelligence, and enterprise security solutions. McAfee: Provides endpoint protection, cloud security, and threat detection solutions."
424,What is information security and how is it achieved?,"Information security (InfoSec) is the practice of protecting sensitive data from unauthorized access, use, or destruction, focusing on the confidentiality, integrity, and availability of information. It is achieved through measures such as access control, encryption, regular audits, incident response planning, and employee training. By implementing these strategies, organizations can safeguard their information assets and effectively mitigate risks associated with data breaches and cyber threats."
425,What are the core principles of information security?,"Confidentiality : Ensuring that information is accessible only to those authorized to view it. Integrity : Maintaining the accuracy and completeness of information, preventing unauthorized changes. Availability : Ensuring that information and resources are available to authorized users when needed. Non-Repudiation : Providing proof of the origin and integrity of data to prevent denial of actions or transactions."
426,What is non-repudiation (as it applies to IT security)?,"Non-repudiation in IT Security is a principle that ensures that once a transaction or action has been performed, it cannot be denied by the involved parties. Implementation : Achieved through mechanisms such as digital signatures, audit logs, and timestamps. These tools provide evidence of the actions taken and help ensure accountability, preventing parties from disputing their involvement or the authenticity of the data."
427,"As a CISO, how would you justify security spending to the board of directors?","Justifying Security Spend: Risk Reduction : Demonstrate how investing in security measures reduces the risk of data breaches and other incidents, thereby protecting the organization's assets and reducing potential financial losses. Cost Comparison : Compare the cost of security investments against the potential financial impact of a security breach, including legal fees, regulatory fines, and reputational damage. Compliance Requirements : Highlight how security investments help meet regulatory and compliance requirements, avoiding potential fines and legal issues. Business Continuity : Emphasize how robust security measures contribute to maintaining business operations and preventing downtime, which is crucial for sustaining revenue and customer trust. Competitive Advantage : Point out how strong security practices can enhance the organization's reputation and provide a competitive edge by demonstrating commitment to data protection and privacy The following are the important cybersecurity interview questions that will be asked in intermediate-level positions"
428,Explain the concept of Public Key Infrastructure (PKI),"Public Key Infrastructure (PKI) is a framework of policies, procedures, and technologies that enable secure communication over an insecure network by using cryptographic key pairs. A public key and a private key are used for encryption, decryption, digital signatures, and authentication. Certificate Authorities (CAs) play a crucial role in PKI by issuing and validating digital certificates to verify the authenticity of public keys."
429,What are the key elements of a strong security policy?,A strong security policy should include the following key elements: Access Control : Ensuring that only authorized personnel have access to sensitive data. Encryption : Protecting data confidentiality and integrity through cryptographic techniques. Regular Updates : Patching and updating software and hardware to mitigate vulnerabilities. User Training : Educating employees about security best practices and potential threats. Incident Response Plan : Preparing a structured approach to handle security breaches. Compliance : Adhering to industry regulations and standards to ensure legal and ethical obligations are met.
430,How does a rootkit work and how would you detect it?,"A rootkit is a type of malicious software that provides attackers with privileged access to a computer system while concealing its presence. Rootkits often modify system files, hide processes, and intercept system calls. Detection methods include: Using specialized anti-rootkit tools to scan for hidden files and processes. Monitoring system behavior for unusual activity such as unexpected network connections or altered system settings. Performing memory analysis to identify suspicious code injections."
431,Explain cross-site scripting (XSS) and SQL injection,"Cross-Site Scripting (XSS): An attack where malicious scripts are injected into web pages viewed by other users, potentially stealing session cookies, credentials, or personal data. SQL Injection: A vulnerability where attackers manipulate SQL queries to gain unauthorized access to database contents, potentially modifying, deleting, or extracting data."
432,What is a zero-day vulnerability?,"A zero-day vulnerability is a security flaw in software or hardware that is unknown to the vendor and lacks an available fix. Cybercriminals can exploit such vulnerabilities before the developer releases a patch, making them particularly dangerous."
433,Discuss the ISO 27001/27002 standards,"ISO 27001: An international standard that outlines the requirements for establishing, implementing, maintaining, and continually improving an Information Security Management System (ISMS). ISO 27002: A supplementary standard providing best practices and guidelines for implementing specific security controls within an organization."
434,How do threat detection systems work?,"Threat detection systems monitor network traffic, system logs, and user behavior to identify potential threats. They utilize techniques such as: Signature-based detection : Identifying known attack patterns. Anomaly-based detection : Detecting deviations from normal behavior. Machine learning algorithms : Continuously improving detection accuracy by analyzing historical data."
435,Explain the principles of ethical hacking,Ethical hacking is the practice of proactively testing an organization's security to identify vulnerabilities before malicious actors can exploit them. Key principles include: Authorization : Obtaining permission before conducting tests. Confidentiality : Protecting the organization's data and privacy. Responsible Disclosure : Reporting vulnerabilities to stakeholders responsibly.
436,What are the different types of network security?,"Network security encompasses several layers of protection, including: Perimeter Security : Securing the network's boundary using firewalls and intrusion prevention systems. Intrusion Detection Systems (IDS): Monitoring traffic for suspicious activities. Virtual Private Networks (VPNs): Encrypting data transmissions over public networks. Network Segmentation: Dividing networks into segments to limit unauthorized access."
437,Discuss the concept of risk assessment in cybersecurity,"Risk assessment in cybersecurity is the process of identifying, analyzing, and prioritizing potential threats and vulnerabilities to determine their impact and likelihood. The steps typically include: Asset Identification : Recognizing critical assets that need protection. Threat Analysis : Evaluating potential threats such as malware, insider threats, or phishing attacks. Vulnerability Assessment : Identifying weaknesses in systems and processes. Risk Mitigation : Implementing controls to reduce risks to an acceptable level."
438,Can you name some of the emerging cyber threats?,"Emerging Cyber Threats: Ransomware Evolution : Increasingly sophisticated attacks targeting critical infrastructure and leveraging double extortion tactics (exfiltrating data before encrypting it). Supply Chain Attacks : Compromising software updates or third-party services to gain access to a broader network. AI-Driven Attacks : Using machine learning to enhance phishing, automate attacks, and create convincing deepfakes. Internet of Things (IoT) Vulnerabilities : Exploiting the growing number of connected devices, often with weak security. Cryptojacking : Unauthorized use of systems to mine cryptocurrencies, affecting performance and causing potential damage. Zero-Day Exploits : Attacks utilizing previously unknown vulnerabilities in software or hardware before patches are available."
439,Can you walk me through the economics of cybersecurity?,"Cost-Benefit Analysis : Evaluating the cost of implementing security measures versus the potential financial impact of security breaches. This includes assessing direct costs like fines and legal fees, as well as indirect costs such as reputational damage and operational disruptions. Risk Management : Investing in cybersecurity to reduce the likelihood and impact of potential threats. This often involves calculating the potential risk exposure and comparing it to the costs of preventive measures. Regulatory Compliance : Meeting legal and regulatory requirements to avoid fines and sanctions, which can be costly and damaging to an organization's reputation. Insurance Costs : Cybersecurity insurance can help manage financial risk, though premiums and coverage terms must be carefully considered. Operational Efficiency : Effective security measures can prevent disruptions, ensure continuous business operations, and avoid costs associated with downtime and recovery."
440,What parts of information security should organizations outsource?,"Managed Security Services (MSSPs): Outsourcing monitoring, threat detection, and incident response to specialized providers. Vulnerability Management: Regular scanning and assessment conducted by external experts to identify and address security weaknesses. Penetration Testing: Engaging third-party experts to simulate attacks and assess the effectiveness of security measures. Compliance and Risk Management: Using external consultants to ensure adherence to regulatory requirements and manage risk assessments. Security Incident Response: Outsourcing to professional services for handling and mitigating security incidents effectively."
441,What security conferences have you participated in over the past 24 months?,"I don't attend conferences personally, but some major cybersecurity conferences you might be interested in are: Black Hat : Known for in-depth security research and hands-on training. DEF CON : Focuses on hacking and cybersecurity community knowledge sharing. RSA Conference : Offers a broad range of sessions on various security topics. SANS Summits : Provides practical security training and threat intelligence."
442,Can you explain some ways cybercriminals are using services like LinkedIn?,"Phishing Attacks : Crafting messages that appear to come from trusted connections or organizations to steal credentials or install malware. Social Engineering : Collecting information about employees to craft targeted attacks, such as spear-phishing or impersonation scams. Credential Theft : Harvesting login credentials from profiles to conduct further attacks or gain unauthorized access. Networking for Exploitation : Building connections with individuals to gather intelligence or exploit relationships for malicious purposes. Gain advanced cybersecurity certification with our Certified Information Systems Security Professional (CISSP) Training course . Contact Learner advisors to know more! Here are some of the advanced-level cybersecurity interview questions with answers"
443,What is a CI/CD pipeline and how does it benefit application security?,"A CI/CD pipeline automates the processes of integrating, testing, and deploying code. Continuous Integration (CI) ensures that code changes are regularly merged and tested to avoid integration issues. Continuous Deployment/Delivery (CD) automates the deployment process to either staging or production environments. Security benefits: Automation reduces human error, integrates security testing early (via tools like SAST/DAST), and ensures secure code is continuously delivered without gaps in security patches."
444,What is the typical breakdown of findings in a security penetration test?,"In application security pen tests, 50% of findings are vulnerabilities. The rest includes business logic errors, configuration issues, and compliance issues. Business logic errors arise from flawed functionality, configuration issues come from misconfigured systems, and compliance issues stem from failing to meet regulatory requirements."
445,What is a business logic error and how can it be exploited?,"A business logic error occurs when an application doesn't correctly implement its business rules. It can lead to unexpected or incorrect behaviors. Exploitation could involve bypassing authentication mechanisms or manipulating transaction flows for unauthorized access, such as gaining discounts or access to restricted data."
446,Can you explain a security script you've written? What problem did it address?,"An example could be a Python script for automating backups to cloud storage, solving the problem of manual backup errors and data loss. The script ensures regular, scheduled backups with AWS S3 using the boto3 library and automation tools like schedule."
447,How does information security play a role at each phase of the software development lifecycle (SDLC)?,"Requirements : Define security needs based on threats and compliance. Design : Implement secure design principles like threat modeling. Development : Use secure coding practices and conduct code reviews. Testing : Perform static analysis, dynamic analysis, and penetration testing. Deployment : Ensure secure configurations and access control. Maintenance : Implement patch management to address emerging vulnerabilities."
448,What are the common tools used in a CI/CD pipeline for application security?,"Common tools include Jenkins, GitLab CI, CircleCI, and Travis CI for automating build, test, and deploy processes. Additionally, security tools like SonarQube, OWASP ZAP, and Snyk can be integrated into CI/CD pipelines for code quality checks and vulnerability scanning."
449,Can you explain the difference between Continuous Deployment and Continuous Delivery in a CI/CD pipeline?,"Continuous Deployment (CD) automatically deploys every successful code change to production without manual intervention. Continuous Delivery (CD) deploys changes to a staging environment where manual approval is required before pushing to production, providing a buffer before changes go live."
450,How do configuration issues impact application security during penetration testing?,"Misconfigurations, such as weak access control settings, insecure default configurations, or improper database settings, can lead to vulnerabilities. Penetration testers often find these during testing, and attackers can exploit them to gain unauthorized access or escalate privileges."
451,"What is the role of compliance in application security, and how does it impact testing?","Compliance involves adhering to industry standards or legal requirements (e.g., GDPR, HIPAA). Penetration testers often evaluate compliance during security assessments. Non-compliance can lead to security vulnerabilities that affect data protection and confidentiality, thus posing risks to both the application and organization."
452,What steps should be taken to address vulnerabilities discovered during a penetration test in the SDLC?,"After vulnerabilities are discovered, steps include: Remediation : Fixing the identified vulnerabilities through patches or code changes. Verification : Retesting to ensure the vulnerabilities have been properly addressed. Prevention : Incorporating secure coding practices and automated security tests into the SDLC to prevent similar issues in the future. Documentation : Keeping a record of vulnerabilities, fixes, and lessons learned for continuous improvement."
453,Explain data leakage and give examples of some of the root causes,"Data leakage occurs when sensitive or confidential information is inadvertently or maliciously exposed to unauthorized individuals or systems. Examples of Root Causes: Misconfigured Permissions : Improperly set file or folder permissions allowing unauthorized users to access sensitive data. Unsecured Endpoints : Devices that are not properly secured, such as laptops or mobile devices, which may be lost or stolen. Inadequate Data Encryption : Data that is not encrypted during transmission or storage can be intercepted or accessed by unauthorized parties. Human Error : Accidental sharing of sensitive information via email, cloud storage, or other means. Insider Threats : Employees or contractors intentionally or unintentionally leak data due to malicious intent or lack of awareness. Software Vulnerabilities : Exploits in software or applications that allow unauthorized access to data."
454,What are some effective ways to control data leakage?,"Controlling Data Leakage: Data Encryption : Encrypt sensitive data both in transit and at rest to protect it from unauthorized access. Access Controls : Implement strict access controls and permissions to ensure that only authorized users have access to sensitive data. Data Loss Prevention (DLP) Solutions : Use DLP tools to monitor and control the movement of sensitive data across networks and devices. Regular Audits and Monitoring : Conduct regular security audits and continuous monitoring to detect and respond to potential data leaks. Employee Training : Educate employees on best practices for data handling and the risks of data leakage. Secure Endpoints : Ensure all devices, including mobile and remote endpoints, are secured with appropriate security measures, such as antivirus software and encryption."
455,Describe the 80/20 rule of networking,"The 80/20 rule, also known as the Pareto Principle, in networking, suggests that 80% of network issues or inefficiencies come from 20% of the causes. This principle can be applied to various aspects of networking, such as: Traffic : 80% of network traffic may come from 20% of applications or users. Performance : 80% of network performance problems may stem from 20% of the network devices or configurations. Application : By identifying and addressing the 20% of factors that contribute most to network issues, organizations can achieve significant improvements in performance and efficiency."
456,What are web server vulnerabilities and name a few methods to prevent web server attacks?,"SQL Injection : Exploiting vulnerabilities in a web server's handling of SQL queries to access or manipulate the database. Cross-Site Scripting (XSS) : Injecting malicious scripts into web pages viewed by other users. Cross-Site Request Forgery (CSRF) : Trick users into performing actions they did not intend to on a web application. Directory Traversal : Accessing files and directories that are outside the intended directory structure. Insecure Configurations : Misconfigured server settings that expose sensitive information or provide unnecessary functionality. Prevention Methods: Input Validation: Implement strict input validation to prevent SQL injection and XSS attacks. Use Web Application Firewalls (WAFs): Deploy WAFs to filter and monitor HTTP traffic between the web server and the internet. Regular Updates: Keep the web server software and all associated applications up-to-date with the latest security patches. Least Privilege Principle: Configure the web server with the least amount of privileges necessary to operate, reducing the impact of potential vulnerabilities. Secure Configuration : Follow security best practices for server configuration, including disabling unnecessary services and features."
457,What are the most damaging types of malware?,"Ransomware : Encrypts files on the victim's system and demands payment for decryption keys. Examples include WannaCry and NotPetya. Rootkits : Conceal malicious activities or other malware on the infected system, making detection difficult. Trojan Horses : Disguise themselves as legitimate software to gain unauthorized access to systems. They often create backdoors for further exploitation. Worms : Self-replicating malware that spreads across networks and systems, often causing widespread damage and congestion. Banking Trojans : Target financial information and credentials to facilitate unauthorized transactions or theft. Examples include Zeus and Emotet."
458,Your organization experiences a ransomware attack. What steps would you take to contain and remediate the incident?,"First, isolate the affected systems from the network to prevent further spread. Identify the ransomware variant and assess the extent of the damage. Notify stakeholders and law enforcement if necessary. Restore affected systems from clean backups and apply security patches. Conduct a thorough forensic analysis to determine the attack vector and strengthen defenses to prevent future occurrences."
459,You discover unauthorized access to a database containing sensitive customer information. How would you respond?,"Immediately revoke unauthorized access and change credentials. Conduct an impact assessment to determine what data was accessed or compromised. Notify affected customers and regulatory bodies as per compliance requirements. Investigate the source of the breach, implement additional security controls such as multi-factor authentication, and enhance monitoring to detect future attempts."
460,A company employee reports receiving a suspicious email that requests login credentials. How should you handle the situation?,"Advise the employee not to respond to the email and report it to the IT security team. Analyze the email headers and content to determine its legitimacy. If it is confirmed as phishing, block the sender and update email filtering rules. Conduct organization-wide phishing awareness training to educate employees about identifying suspicious emails."
461,Your team is tasked with securing a cloud-based environment. What measures would you implement?,Implement identity and access management (IAM) policies with least privilege access. Enable encryption for data at rest and in transit. Use cloud-native security monitoring and compliance tools. Regularly audit cloud resources for misconfigurations and vulnerabilities. Establish incident response procedures tailored to cloud environments.
462,An external audit finds that your company lacks a robust incident response plan. How would you develop one?,"Conduct a risk assessment to identify potential threats and vulnerabilities. Define roles and responsibilities for the incident response team. Develop clear procedures for detection, containment, eradication, recovery, and post-incident analysis. Regularly test the plan through simulations and update it based on lessons learned and evolving threats. By preparing for these cybersecurity interview questions and practicing your responses, you will be better equipped to tackle both theoretical and practical challenges in your next cybersecurity role. Whether you're just starting or looking to advance in your career, understanding these concepts will help you build a solid foundation for success in the field of cybersecurity."
463,"In your view, what are the foundational differences between standard cybersecurity measures and those specifically tailored for AI-driven systems?","Traditional cybersecurity often protects networks, endpoints, and databases using established defense mechanisms like firewalls, antiviruses, and intrusion detection systems. In contrast, AI-centric security must account for vulnerabilities unique to machine learning algorithms, such as adversarial inputs designed to manipulate model predictions. Furthermore, the data lifecycle in AI is more nuanced, given that training processes, model parameters, and inference pipelines require specialized safeguards against tampering. Another key difference is the sensitivity of AI decision logic—if an attacker reverse-engineers the model, they can exploit inherent weaknesses. Standard cybersecurity also primarily addresses known threat patterns, whereas AI systems demand continuous monitoring for evolving attacks that can corrupt training data or degrade model accuracy. Consequently, AI-driven security strategies emphasize data provenance checks, adversarial sample detection, and periodic re-validation of model integrity."
464,"How would you summarize the most common threats to AI systems, particularly those involved in critical business operations, and what preliminary steps can organizations take to mitigate them?","AI deployments can be compromised by various targeted threats. Adversarial attacks leverage carefully modified inputs that cause the model to misclassify or generate skewed results. Data poisoning occurs when malicious actors insert corrupted samples into the training set, undermining the model's reliability. Model inversion allows attackers to glean sensitive details about the data or the model, exposing intellectual property or personal information. Meanwhile, evasion attacks rely on subtle changes to input data to bypass standard detection mechanisms. Organizations should begin with robust access controls and data validation protocols to mitigate these threats. They can also deploy adversarial training techniques, maintain up-to-date patching of machine learning frameworks, and perform regular audits of model performance. By combining these defensive steps, enterprises can limit opportunistic and sophisticated breaches."
465,"When you assess a machine learning system for security gaps, which initial factors or checkpoints do you find most pivotal in revealing potential vulnerabilities?","My standard practice begins with data integrity checks, as compromised or low-quality data can derail even the most robust models. I also review model architecture and parameter configurations, ensuring they haven't been exposed in a way that makes adversarial manipulation easier. Network access controls are another priority—limiting who can reach the training pipeline and inference APIs reduces attack vectors. Furthermore, I examine logging and monitoring systems to verify if they effectively capture anomalies or unauthorized requests. Access privileges within the development and deployment teams must also be scrutinized. By systematically reviewing these factors—data quality, architecture security, network controls, logging mechanisms, and access privileges—I can quickly detect potential entry points for malicious activity and direct resources toward shoring up any weak links. Related: AI Interview Questions & Answers"
466,"What role do compliance standards, such as GDPR or other data protection regulations, play when deploying AI solutions securely and legally soundly?","Compliance standards are critical in AI deployments because they shape the policies and controls applied to data handling. Under regulations like the GDPR, organizations must ensure personal information is used responsibly, reinforcing data minimization, consent management, and the right to be forgotten. For an AI model, this influences data retention policies, meaning developers must securely remove or anonymize data once it has served its training purpose. Compliance frameworks also mandate breach notification procedures, compelling prompt reporting if sensitive information is compromised. Beyond legal requirements, adhering to these standards instills consumer and stakeholder trust, which is vital for any AI-driven service. By rigorously following data protection regulations, organizations avoid hefty fines and build robust guardrails that reduce risks of unauthorized disclosures or ethical breaches."
467,"In your experience, why is the concept of 'trust' in AI outputs vital, and how can security professionals reinforce that trust within an enterprise environment?","Trust is the bedrock of any AI solution because stakeholders—from end users to executives—rely on accurate and fair decisions. An untrusted model leads to a lack of adoption, reputational damage, and potential legal issues. Security professionals can reinforce this trust by ensuring model transparency and providing a clear rationale for decisions through explainable AI techniques. They should also implement robust data governance to prevent biases from creeping into training sets. Additionally, periodic audits of the model's outputs against real-world performance can quickly flag anomalies, boosting confidence in the system's reliability. Finally, adopting best practices like adversarial testing and robust encryption for data and model parameters helps maintain the model's resilience against attacks. Professionals can cultivate sustained trust in AI-driven operations by weaving security and transparency into every phase."
468,"How would you explain the concept of 'adversarial examples' to a non-technical stakeholder, and why do they pose significant risks to AI applications?","Consider an adversarial example, a cleverly disguised trick that fools an AI system into making a wrong decision or classification. It might be a slightly altered image, audio file, or data point that looks normal to a human eye but causes the AI model to misinterpret its content. These attacks are dangerous because they can create unexpected errors in high-stakes settings, like autonomous vehicles misrecognizing road signs or fraud detection systems overlooking malicious transactions. To a non-technical stakeholder, it's akin to someone forging a barely noticeable change in a document that leads to a big misunderstanding. By exploiting how models learn patterns, adversarial examples reveal hidden vulnerabilities and challenge the system's reliability. Addressing them ensures that AI predictions stay consistent and dependable under real-world conditions."
469,"Could you share when you had to balance performance optimization and security fortification for an AI model, and what trade-offs did you make?","In a global financial analytics project, we aimed to deliver near-instant loan approval predictions to improve user experience. However, the tight latency requirements clashed with our need for robust encryption and real-time anomaly detection. To strike a balance, we opted for a lightweight encryption protocol that still provided sufficient protection but minimized the overhead on inference speed. Additionally, we configured the anomaly detection to run in parallel on a separate microservice so it wouldn't bottleneck the main prediction pipeline. While this approach marginally increased operational costs and required extra architecture considerations, it preserved the model's quick response time. Consequently, we sacrificed a small degree of cryptographic depth for better performance but maintained an adequate security threshold, preventing unscrupulous data tampering or unauthorized access in a high-speed environment. Related: Generative AI Interview Questions"
470,How do you differentiate between adversarial machine learning attacks targeting model inputs and those aimed at compromising data integrity in the training set?,"Adversarial attacks against model inputs are typically deployed at inference time. Here, attackers subtly modify samples—like images, text, or other data types—so that the trained model produces incorrect or skewed predictions despite minimal perceptible changes. By contrast, attacks on data integrity occur at or before training, where malicious entities poison or distort the dataset to degrade the model's overall reliability or subtly alter its learned patterns. Detecting input-focused adversarial attacks often involves runtime validation or anomaly detection, whereas thwarting training data manipulations requires rigorous data provenance checks, metadata analysis, and robust access controls on the entire training pipeline."
471,Could you walk through your method for identifying and mitigating model skew issues that arise from maliciously manipulated training data?,"I begin by monitoring the model's performance metrics—such as accuracy, precision-recall, and error rates—across diverse subsets of the training data. Sudden or unexplained deviations can indicate potential skew. Next, I investigate the source data for unusual distributions or anomalies, verifying the dataset's lineage and cross-referencing earlier versions for discrepancies. To mitigate identified skew, I remove or isolate the compromised segments, retrain or fine-tune the model with authenticated data, and employ adversarial training techniques to bolster the system's resilience. Finally, I maintain logs and regularly audit the data pipelines to catch recurring manipulations or any newly introduced skew."
472,What specific security controls might you implement to protect an AI model's hyperparameters from unauthorized tampering?,"One critical safeguard is restricting access to the configuration files or scripts defining hyperparameters through role-based access control (RBAC) and multi-factor authentication. Cryptographically, signing hyperparameter files helps ensure their integrity, so any unauthorized alterations trigger an alarm. Creating a robust logging and monitoring infrastructure also flags real-time suspicious changes. Versioning each hyperparameter set and checksums further strengthens security by making unauthorized modifications immediately visible. In high-stakes environments, integrating hardware security modules (HSMs) or employing secure enclaves to manage sensitive data adds an extra safeguard for preserving the integrity of hyperparameters."
473,How do you evaluate and implement encryption strategies to safeguard the data at rest and in transit throughout the AI life cycle?,"I first categorize data based on its sensitivity—training data, model parameters, and inference requests—and determine suitable encryption levels. A strong approach might include AES-256 with robust key management for data at rest, ensuring keys are rotated regularly and stored securely—data in transit benefits from TLS 1.2 or higher, coupled with certificate pinning for critical endpoints. I also validate encryption strategies through regular penetration testing and audits while maintaining the necessary performance by leveraging hardware acceleration where possible. This end-to-end encryption framework guarantees that each segment of the AI pipeline remains secure against unauthorized interception or compromise. Related: AI Marketing Interview Questions"
474,"When dealing with data provenance for AI systems, what are your tactics for verifying the authenticity and lineage of large-scale datasets?","I start with well-documented collection processes and metadata, including timestamps, collection methods, and source details. Where feasible, I employ cryptographic hashing on the dataset's partial and complete segments so any alterations become immediately detectable. I also scrutinize contributor logs to ensure that only trusted individuals or entities have access. When pulling data from external sources, I check for digital signatures and cross-verify with known reputable registries. Finally, I use automated tools to track data lineage across transformations—any anomaly triggers a review or quarantine of suspicious records before they can affect downstream AI operations."
475,"Could you explain how zero-trust architectures intersect with AI security concerns, especially in distributed or cloud-based AI environments?","Zero-trust presupposes that no user or system component should be automatically trusted, even if it resides within the network perimeter. This means verifying each request to access models, datasets, or processing nodes for AI environments. Authentication and authorization checks happen at every layer, preventing lateral movement if an attacker compromises one node. This intersects with AI security by requiring strict data or container orchestration verification, continuous monitoring of API calls feeding inference services, and granular policy enforcement to regulate which microservices can communicate with the training or deployment pipelines. Ultimately, zero-trust principles help minimize the blast radius of potential breaches, maintaining higher security for AI workflows."
476,How do you detect and address the subtle vulnerabilities arising when AI models rely on open-source codebases or pre-trained modules?,"I begin by thoroughly reviewing and scanning for known vulnerabilities or suspicious code segments. I track dependencies and check them against updated CVE databases using automated software composition analysis tools. For pre-trained modules, I validate them on controlled test sets, looking for anomalies or performance drop-offs that might hint at hidden backdoors. Any untrusted or obscure libraries are replaced with well-maintained alternatives, and if none are available, I sandbox them in isolated containers before integration. Regular updates and prompt patching reduce risk, while intrusion detection systems flag unusual API calls or file manipulations that might indicate exploitation attempts."
477,What is your standard procedure for handling insider threats where privileged users may attempt to influence AI model outcomes for unauthorized purposes?,"First, I ensure that all privileged accounts are strictly audited, logging every action taken by users with elevated rights. Multi-factor authentication and role-based permissions limit one individual's ability to manipulate key processes. Next, I continuously monitor model performance metrics and input logs, alerting security teams to sudden discrepancies in data ingestion or model outputs. I implement a separation-of-duties approach to enforce accountability so no single person controls the entire AI pipeline. In case of a suspected insider threat, I conduct a swift forensic investigation, comparing historical logs and system states to pinpoint illicit activity before implementing corrective measures. Related: Cities in the US to Build Careers in AI"
478,"When dealing with adversarial training, how do you systematically evaluate its effectiveness and ensure that resilience doesn't degrade model performance for legitimate use cases?","My process involves creating a balanced suite of benign and adversarial test sets. After training the model on adversarial examples, I run comprehensive evaluations on both sets to confirm that the model withstands malicious inputs yet maintains acceptable accuracy on legitimate data. I incorporate randomized attacks across varying intensities to expose hidden weaknesses, ranging from minor pixel perturbations to advanced gradient-based manipulations. Continuous evaluation rounds and hyperparameter tuning help refine this balance. Lastly, I track real-world feedback, collecting production data to verify that the model's risk mitigation techniques don't come at the expense of normal operational performance."
479,Could you detail your experience in diagnosing model poisoning attacks and how you isolate and remove malicious influences without inadvertently disrupting normal operations?,"In one case, we discovered that a client's model exhibited erratic results after a dataset refresh. Investigations revealed inconsistent distributions for certain features, indicating a potential poisoning attempt. I compared historical baseline metrics against newly introduced data partitions to diagnose this, isolating outliers through clustering algorithms. Once flagged, we quarantined suspect records and retrained the model using clean data, simultaneously rolling out a fallback model to preserve continuity. For deeper assurance, we implemented real-time anomaly checks on incoming training batches. This balanced approach contained the malicious data without halting core business tasks, ensuring the model returned to stable performance."
480,"What advanced cryptographic methods have you employed to protect the confidentiality of AI model parameters, and how do you balance computational overhead with robust security?","I've used homomorphic encryption in specialized scenarios where computations on encrypted data are essential, though it often introduces computational overhead. I commonly leverage well-optimized symmetric encryption (like AES-256) for parameters at rest, supplemented by key rotation policies enforced through hardware security modules (HSMs). For distributing model updates across global servers, secure enclaves or trusted execution environments can help. Balancing performance means selectively applying stronger encryption to the most critical data, while less sensitive assets might employ lighter-weight protocols. Rigorous testing and hardware acceleration (such as GPU-based cryptography) also minimize performance degradations in production."
481,"How do you approach the challenge of securing federated learning frameworks, where data remains decentralized but collaborative training must remain robust against adversaries?","When feasible, I establish strict protocols for participants, verifying identities and data sources through secure certificates and zero-knowledge proofs. I then implement differential privacy or secure aggregation to ensure individual data points remain concealed from other nodes during model updates. Continuous auditing and attestation mechanisms verify that the code running on each node matches an approved, tamper-free version. In parallel, robust anomaly detection flags any outlier updates that deviate suspiciously from expected patterns, indicating a potential poisoning attempt. This layered strategy ensures that decentralized collaboration remains resilient, even if a subset of nodes becomes compromised or behaves maliciously. Related: Ways Armani is Using AI [Case Studies]"
482,"When confronted with sophisticated adversarial examples that bypass traditional detection, what specialized techniques do you recommend to identify and defend against them?","I often use adaptive detection measures that combine multiple strategies. One approach is integrating feature-level anomaly detection, which compares high-level model embeddings of inputs against typical distributions. Another method is randomizing the model's internal parameters or input processing slightly—an adversary crafted for a specific static model is less effective against randomized architectures. Generative methods can also help, where an auxiliary AI attempts to reconstruct suspicious inputs to check for inconsistencies. These layered defenses, combined with specialized adversarial training that includes advanced gradient-based techniques, make it more difficult for attackers to slip through undetected."
483,"What are your best practices for implementing differential privacy in large-scale AI models, and how do you measure the trade-off between privacy guarantees and model utility?","I begin by determining an acceptable privacy budget (epsilon), which balances the level of noise added to the data or gradients with the model's accuracy targets. I then apply differential privacy algorithms—often integrated with standard ML frameworks—to carefully inject noise during training updates. Thorough testing measures performance impact across key metrics, such as accuracy and recall, under multiple epsilon values. Additionally, I perform ablation studies to identify data subsets or model layers where noise has minimal effect on legitimate tasks. A final step involves communicating these trade-offs to stakeholders, ensuring they understand the protective benefits and any minor performance sacrifices."
484,How do you approach secure model sharing among international stakeholders and affiliates in projects involving highly sensitive intellectual property or proprietary models?,"I start with a legal and operational framework that defines each party's responsibilities and permissions, ensuring compliance with local regulations. Next, I use secure enclaves or containerization for distributing model artifacts, restricting their use to authorized hardware environments. When transferring models, they are encrypted and signed; recipients must pass identity verification via certificates. I also apply watermarking or fingerprinting techniques to trace unauthorized sharing. I rely on controlled access points with multi-factor authentication and robust monitoring if on-site collaboration is mandatory. This multi-layer approach ensures that valuable IP remains safe, even in complex, global collaborations."
485,How do you detect and counter inference attacks to extract confidential information about training data or the underlying model architecture?,"One effective countermeasure is to monitor the frequency and nature of queries made to the model's API. Excessive or statistically unusual query patterns may indicate a malicious actor attempting to reverse-engineer the model. Limiting query rates, adding random noise to outputs, or returning partial probabilities instead of detailed confidence scores can also curb attackers' ability to glean sensitive information. Additionally, membership inference detection tools can flag instances where someone tries to ascertain whether a data point was included in the training. To protect architecture-level data, I keep the model's structure abstracted or distributed so that no single query can reveal the entire design. Related: AI Analyst Interview Questions"
486,"Which specialized software tools or frameworks do you rely on to test AI models for adversarial vulnerabilities, and why do you favor these particular solutions?","My go-to solutions include libraries like Foolbox, CleverHans, and Adversarial Robustness Toolbox (ART). I favor these because they offer a broad spectrum of attack algorithms—ranging from gradient-based to decision-based methods—enabling comprehensive stress testing of AI models. They also integrate seamlessly with popular deep learning frameworks, making reproducing and comparing adversarial scenarios straightforwardly. Moreover, these tools provide built-in defenses and evaluation metrics so the entire pipeline—from identifying vulnerabilities to testing mitigation strategies—can be managed in a unified environment."
487,"How do you integrate containerization and orchestration platforms—like Docker and Kubernetes—into your AI security operations, particularly to isolate critical processes?","I usually wrap each AI microservice—training, inference, data preprocessing—into its container, ensuring each process runs with minimal privileges. Kubernetes then coordinates these containers, enforcing strict role-based access control (RBAC) policies and network segmentation at the pod level. Isolating processes this way helps confine potential breaches to one container rather than spilling over into the entire ecosystem. Additionally, I use Kubernetes-native security configurations to apply automated scanning, continuous monitoring, and immutable deployments, so any unauthorized configuration drift or malicious image injection is quickly detected and mitigated."
488,"Could you elaborate on your methods for implementing robust key management systems, ensuring that cryptographic keys for securing AI pipelines remain tamper-proof?","A crucial step is integrating a hardware security module (HSM) or a cloud-based key management service (KMS), offering strong tamper-resistance and secure key generation. Keys are never stored in plaintext form; they're wrapped and encrypted at rest and only decrypted in memory during usage. Rotating keys frequently and applying strict role-based permissions ensures that only designated services or individuals can access them. Maintaining secure audit logs of every key-related operation also provides a reliable trail for investigating anomalies or unauthorized activity in the AI pipeline."
489,What advanced logging and monitoring configurations are essential for capturing real-time activity data within an AI-driven infrastructure?,"I prioritize distributed logging systems, such as the ELK stack or Splunk, configured to capture critical events across every node in real time. Log data should include user access attempts, container lifecycle changes, API calls to inference services, and system resource spikes. Beyond standard logs, I enable debug-level traces for sensitive pipelines but tightly control who can view them. Intrusion detection systems (IDS) and anomaly detection tools also feed off these logs to spot deviations—like a surge in requests from unfamiliar IPs—enabling proactive threat mitigation. Regularly testing and tuning these logs ensures they remain both high-fidelity and noise-free. Related: AI Product Manager Interview Questions"
490,"When faced with high-throughput, low-latency AI applications, how do you ensure that the additional security layers do not significantly degrade performance?","I adopt a modular approach, where each security control—such as encryption or anomaly detection—operates at the most critical junctures instead of universally across every transaction. This might include offloading certain checks to parallel microservices or leveraging GPUs for cryptographic acceleration. Profiling each layer's impact on latency helps identify bottlenecks, allowing selective optimization or caching for frequently accessed data. Fine-tuning resource allocations in orchestration platforms and leveraging asynchronous queues where appropriate ensure that security measures remain robust without excessively penalizing throughput or response times."
491,"How do you handle the complexities of random number generation in AI security contexts, especially concerning the reliability of pseudo-random or hardware-based solutions?","I typically rely on hardware random number generators (HRNGs) where available, as they produce higher-entropy outputs than purely algorithmic methods. If hardware support is unavailable, I use cryptographic libraries designed specifically for secure pseudo-random generation, carefully selecting well-reviewed and actively maintained solutions. I also seed the generators with multiple entropy sources—like network interrupts or system timers—to reduce predictability. Frequent entropy health checks and logging of random seed states (encrypted) help confirm that the RNG remains robust, especially in environments where large-scale AI computations might deplete available entropy."
492,Could you walk us through the typical steps you take when setting up a secure continuous integration and continuous deployment (CI/CD) pipeline for AI models?,"I establish a version-controlled repository for code, data schemas, and model artifacts protected via multi-factor authentication. Automated build scripts run linting and static analysis checks to detect vulnerabilities. I then integrate container security scans for any Docker images before they move to staging. Subsequent steps include running adversarial or stress tests on the model and verifying the cryptographic integrity of model weights. Finally, the deployment phase—managed by tools like Jenkins or GitLab CI—uses locked-down credentials stored in a vault or KMS. Every deployment is immutably logged, allowing rollbacks in case of security breaches or functional regressions."
493,"What are your preferred approaches to securing machine learning frameworks—like TensorFlow or PyTorch—through custom patches, libraries, or sandboxing?","I prioritize updating frameworks with the latest patches and security releases. I also apply security-focused libraries—for instance, SELinux or AppArmor—to sandbox the environment where TensorFlow or PyTorch operates. In some situations, custom patches are necessary, such as removing or restricting debugging functionalities and disallowing certain ops that aren't needed for production. Additionally, restricting GPU or system resource access to a minimum privileges setup helps ensure the framework can't inadvertently escalate privileges. Finally, systematically reviewing open-source dependencies both frameworks rely on prevents overlooked vulnerabilities from creeping into the production environment. Related: Pros and Cons of Kimi AI"
494,Imagine an AI-based system that alerts authorities about potential security threats. You discover the model was trained on potentially biased data. How would you investigate and correct any security blind spots introduced by this bias?,"I would thoroughly audit the training dataset, tracing its source, distribution, and any demographic skews. Simultaneously, I'd interview domain experts and stakeholders to uncover where the bias might manifest in real-world alerts. Corrective steps could include supplementing the training data with more diverse samples, applying reweighting techniques, or leveraging fairness algorithms designed to reduce discriminatory outcomes. Post-mitigation, I'd re-run validation tests and measure any changes in false alarms or missed threats, ensuring we haven't introduced new vulnerabilities while fixing the bias."
495,Your company's executive team wants to integrate a third-party vendor's AI module into your existing platform. You suspect the vendor's code may have hidden vulnerabilities. What steps do you take to deploy and test it securely?,"I'd isolate the vendor's module in a dedicated sandbox environment with minimal privileges—limiting its ability to access critical data or affect production services. Concurrently, static and dynamic code analysis tools would be run on the vendor's code, checking for known vulnerabilities, backdoors, or malicious behaviors. Once this preliminary evaluation is done, I'd integrate the AI module with representative test datasets and monitor performance metrics and security logs. If everything checks out, I will proceed with a phased rollout, giving internal teams time to observe any anomalies before going fully live in production."
496,"If an external security audit reveals that your AI model is vulnerable to adversarial examples that remain undetected by standard checks, how do you prioritize and implement mitigation strategies under time constraints?","I'd conduct a quick impact analysis to categorize the severity of potential breaches and the systems most at risk. High-severity issues receive immediate attention, typically patching known vulnerabilities or adjusting model decision thresholds to reduce exploitation. Simultaneously, I'd implement adversarial training or deploy additional filters that detect anomalies in input data. Since time is critical, I'd first target the most critical models or functionalities, leaving lower-risk components for subsequent iterations. A dedicated response team would track progress, ensuring each mitigation step is tested and documented thoroughly."
497,"During a critical product demo, you detect unusual outputs from your AI system that suggest a potential poisoning attack. How would you isolate the compromised components without halting the entire demonstration?","I'd immediately redirect inference queries to a backup or previously verified model instance to maintain the demo's continuity. Next, I'd quarantine any suspected data streams or model files while enabling diagnostic logging to capture suspicious behaviors. To quickly rule out false positives, I'd compare the backup instance's outputs against the demo system for consistency. Once I confirm a poisoning event, I'd block the compromised data pipeline and keep the system running off the unaffected model. Post-demo, I'd investigate the root cause, applying stricter validation steps and data safeguards before reintegrating the poisoned component. Related: AI Engineer Interview Questions"
498,One of your key system logs indicates that an authorized user accessed sensitive training data after hours. How do you lead the incident response investigation while preserving evidence and maintaining operational continuity?,"I'd create a forensic copy of the logs and related system snapshots to preserve all evidence. Then, I'd interview the user to understand their rationale and check if their access aligned with established permissions. If suspicious activity persists, I'd refine or temporarily restrict that user's privileges while further analyzing access records for anomalies. I would keep the system functional, possibly in a heightened monitoring mode, to detect further illicit actions. The final steps involve revalidating user roles, reinforcing access controls, and documenting all findings for compliance and future reference."
499,You learn that a newly hired team member has inadvertently introduced unverified open-source libraries into the AI production environment. How do you handle the immediate threat and prevent similar incidents in the future?,"I'd freeze further deployments and immediately assess whether the libraries contain known vulnerabilities by running code scans and checking reputable vulnerability databases. If any malicious or high-risk elements are found, I'd remove them and revert the system to the last secure state. To prevent recurrences, I'd bolster developer onboarding processes—by providing guidelines on approved libraries, code review procedures, and mandatory security training. Additionally, setting up a pre-deployment pipeline step that flags or blocks unapproved dependencies is crucial to blocking accidental introductions."
500,"While monitoring your deployment pipeline, model accuracy has dropped significantly overnight, indicating a possible security breach. How do you approach diagnosing root causes and restoring trust in the system?","I'd analyze the logs to see if there were any unusual dataset changes, abnormal user access, or system anomalies. If I suspect a poisoning attack or data tampering, I'd revert to a known good snapshot of the model and compare performance. At the same time, I'd lock down external data sources to prevent further corruption. After identifying the breach's origin—compromised data inputs, unauthorized code changes, or unusual system behavior—I'd rectify it, retrain or recalibrate the model, and perform rigorous validation. Only then would I redeploy, communicating clearly to stakeholders how trust has been restored."
501,"A global partner requests partial access to your organization's AI algorithms for collaborative development. What security protocols would you enforce before granting such access, and how would you monitor ongoing activities?","I'd first classify the parts of the algorithm that can be safely shared without revealing sensitive IP. Then, I'd implement a secure collaboration environment—possibly a private Git repository or containerized environment—where the partner's scope is restricted. Any check-ins or modifications would trigger an approval workflow and continuous logging of their actions. I'd also employ code-scan and vulnerability-check routines to validate that incoming contributions meet security standards. Regular alignment meetings and periodic audits would ensure the collaborative arrangement remains secure and beneficial to both parties. Related: AI Ethicist Interview Questions"
